1.107159,0.9662343,0.6652749,0.616104,1.004912,1.063428,1.071571,1.0297,1.014758,1.029528,0.8805096,0.6553459,1.019685,1.133385,1.104924,1.045682,1.001068,0.9385826,0.8915462,1.075706,1.155622,1.146958,1.091168,0.9957638,1.048567,1.114139,1.146817,1.128016,1.082528,1.000231,1.053226,1.102938,1.068044,1.022318,1.037311,0.9991449,0.9642382,0.8847461,0.7147199,0.7167662,0.8688906,0.8737756,0.9157692,1.011612,1.065854,1.220167,0.856745,0.5276139,0.6208803,0.6114948,0.8212841,1.002901,1.149451,1.016337,0.6199308,0.5007687,0.3918528,0.6664018,0.9380279,1.178429,0.8733766,0.3982196,0.4597147,0.4254242,0.7946894,1.057529,0.9611338,0.7100971,0.4772021,0.6746315,0.9434403,0.6700217,0.7265958,0.9295424,1.112481,1.234822,1.275833,1.216634,1.18671,0.7313562,0.807466,0.9505591,1.090612,1.249203,1.303035,1.303384,1.228113,0.7412962,0.904488,0.9927087,1.120126,1.229101,1.306207,1.223745,0.6799123,0.9109057,1.002051,1.119391,1.221365,0.7407451,0.9278098,1.067631,1.130326,1.262219,0.813951,0.8528215,0.932767,1.064452,1.18182,1.273693,1.319389,1.29959,1.186645,1.048251,0.8097109,0.81207,0.9035554,1.093338,1.20448,1.264266,1.258103,1.215137,1.088769,0.7615851,0.808848,0.9329391,1.072428,1.162242,1.190408,1.15633,1.009329,0.7855664,0.8205299,0.9620444,1.034386,1.04552,1.066926,0.9655669,0.7237454,0.9396162,0.8635993,0.9037887,0.88507,0.8567715,0.8272825,0.810766,0.7608365,0.7894085,0.8480973,0.9132276,0.9678023,1.032892,0.7823955,0.6713548,0.8162452,0.6474047,0.5805293,0.7870606,0.8970128,0.9925821,1.004737,0.7776808,0.5611289,0.6507349,0.7739824,0.9850196,0.9931821,0.9479171,0.8201936,0.5613067,0.736302,0.9258329,1.005133,0.9870437,0.8376606,0.7469104,0.665935,1.067007
0.6343254,0.6142609,0.5443125,0.4718608,0.4446565,0.5097834,0.5417348,0.5447304,0.5545863,0.6362568,0.5002958,0.4688235,0.476883,0.5017945,0.5236207,0.5146021,0.4987693,0.5663354,0.5243076,0.4758027,0.4904255,0.4867899,0.4888641,0.4827968,0.4569851,0.4983459,0.4961291,0.4688824,0.4986819,0.4657624,0.5546236,0.5274256,0.463302,0.4196634,0.4355,0.4550548,0.5347771,0.5224165,0.520059,0.5310938,0.4941469,0.4397111,0.4958949,0.4707224,0.5727209,0.6047393,0.6369112,0.5545017,0.5229058,0.4303254,0.3567065,0.4903511,0.4877701,0.656651,0.6599815,0.5826601,0.4678246,0.3312819,0.4263994,0.4977468,0.682128,0.6002555,0.4690239,0.3114693,0.2303645,0.2694442,0.5897963,0.3669921,0.2505991,0.07933456,0.2227838,0.2357208,0.2672623,0.2464795,0.3408398,0.4157117,0.4614239,0.597693,0.6196973,0.4093982,0.2333342,0.3392454,0.2991168,0.3000914,0.4323009,0.5519814,0.6517468,0.2416788,0.406012,0.3527789,0.3228295,0.3680348,0.5037583,0.5881605,0.4965072,0.4008983,0.3749543,0.4827236,0.4372657,0.4963158,0.4321431,0.4476394,0.4558182,0.4927727,0.5567296,0.5094211,0.4712712,0.538799,0.551358,0.5148688,0.5410621,0.5785924,0.598669,0.663497,0.5430511,0.4837365,0.4634317,0.5095564,0.4920744,0.4838881,0.5227021,0.5382481,0.5947714,0.5626562,0.4720722,0.7825062,0.4343693,0.4519018,0.4496157,0.4834466,0.5368373,0.6475298,0.3792681,0.3480633,0.3360972,0.3869557,0.5166862,0.4300627,0.3491077,0.3680846,0.3431651,0.4132886,0.4092581,0.421222,0.3714953,0.4307466,0.3975625,0.4219468,0.5321196,0.4699316,0.542724,0.5622128,0.4754623,0.4132946,0.381501,0.3840744,0.4125546,0.4265272,0.5032014,0.5190615,0.5502086,0.4523485,0.4595343,0.4817387,0.4519915,0.4853477,0.6396331,0.5545366,0.5255746,0.4664828,0.4392062,0.4156343,0.6452812,0.619614,0.5690165,0.4819658,0.4405983,0.5792497
0.4973581,0.7812606,0.1950003,0.04194348,0.05870894,0.1435314,0.2186289,0.1616982,0.1108222,0.5593221,0.3055396,0.05571615,0.06399255,0.1231735,0.1692912,0.1824689,0.1573357,0.3008494,0.1818925,0.1653439,0.1605685,0.1615407,0.1321485,0.1492565,0.2848058,0.2316917,0.2534849,0.1240988,0.09161121,0.04025741,0.3886946,0.293968,0.1816928,0.2322867,0.09288213,0.03981531,0.3866737,0.2137806,0.09951699,0.04450791,-0.0007184377,0.1007435,0.1091289,0.1728323,0.06299976,0.368296,0.3669297,0.2071887,0.110147,0.05254899,0.00654769,0.05386709,0.1289443,0.4963728,0.4495356,0.3535619,0.1778608,-0.006555249,-0.06606785,0.03601755,0.527589,0.5066268,0.2909894,0.1029966,-0.1855392,-0.1485563,0.4716136,0.4075173,0.1313526,-0.04027268,-0.1364652,0.2081396,0.003218664,-0.0279729,-0.07772999,-0.01711717,0.1020769,0.1537776,0.08117757,0.1907249,0.2029007,0.05347658,0.0267822,0.07370623,0.1184661,0.231913,0.2092368,0.1645364,0.1434205,0.1190317,0.1532098,0.2083094,0.259079,0.3487056,0.1621779,0.1168311,0.1336509,0.200852,0.3075762,0.05297782,0.06390635,0.1995115,0.2568707,0.2749183,0.09626325,-0.02164598,0.006334929,0.1284936,0.1504082,0.1880233,0.1718645,0.1307304,0.1370438,0.1121776,0.02893766,-0.05900075,-0.09003256,0.006733485,0.1107873,0.0753291,0.0934553,-0.01891587,0.04130251,0.1857825,-0.1477108,-0.1782855,-0.08111916,0.07446002,0.03696331,-0.09238441,-0.05817398,-0.1756328,-0.2259436,-0.1905466,-0.07070485,0.03425947,-0.1317547,-0.1062907,-0.1066543,-0.0816612,0.01562623,-0.008099186,-0.006582922,0.3074592,0.1750736,0.2037121,0.03582619,0.0141801,-0.05795668,-0.07562927,0.3811505,0.134308,0.2758056,0.3417569,0.2138719,0.02603682,0.02744427,0.03875824,0.1501636,0.2445124,0.4978511,0.3215657,0.1533961,0.08472805,0.07840174,0.1276187,0.52175,0.4248558,0.2931309,0.07071234,-0.0317317,0.0600043,0.5262963,0.3704102,0.2099936,0.02261373,-0.02269617,0.0960912
0.7112595,0.6550467,0.5486511,0.5883576,0.6556291,0.6284497,0.6059313,0.6057671,0.6434454,0.6650126,0.5864919,0.5871603,0.6457533,0.6459905,0.6213583,0.6099291,0.613605,1.108733,0.5747195,0.6480387,0.6757009,0.646959,0.6162707,0.6018483,0.6144499,0.649012,0.6523929,0.6814108,0.5989912,0.6252836,0.6664904,0.6742056,0.6483393,0.6313291,0.6077619,0.5733933,0.6489574,0.6340108,0.5870966,0.5557733,0.5757194,0.6375327,0.589039,0.6671718,0.7210279,0.6504733,0.6387904,0.6244168,0.5378381,0.5195061,0.5424109,0.6266197,0.7686138,0.6663251,0.6501514,0.5959198,0.5410334,0.5302993,0.5886934,0.7462018,0.6725882,0.6727309,0.557086,0.5378751,0.5630418,0.6892576,0.6225728,0.5536875,0.5095713,0.5063158,0.5818239,0.4823388,0.4858455,0.566249,0.6902627,0.7615381,0.8004051,0.7994999,0.7235093,0.4844877,0.490961,0.5615398,0.6637795,0.7519023,0.7937178,0.7999384,0.7356762,0.4775276,0.5485122,0.622044,0.7336512,0.7906866,0.8104472,0.7933276,0.4935499,0.5711342,0.6899334,0.782163,0.8205767,0.5026894,0.6159529,0.7442827,0.8092889,0.8151886,0.4365407,0.5243189,0.6311186,0.7329383,0.728709,0.701673,0.6579841,0.6154908,0.6207378,0.6146626,0.4776019,0.5425047,0.6118738,0.6348018,0.5926507,0.5377063,0.5030439,0.4924918,0.5221028,0.5077439,0.510219,0.4668638,0.4661071,0.4633759,0.476212,0.4752659,0.4662048,0.4661852,0.3804633,0.3431191,0.4017481,0.4692746,0.49875,0.4840736,0.3006957,0.3183187,0.4342721,0.5047515,0.5500494,0.2967616,0.3652903,0.4464656,0.5636497,0.580556,0.4804131,0.4641493,0.5303273,0.6075685,0.4094391,0.5194596,0.5320762,0.5640884,0.5312546,0.4789916,0.5350446,0.5811794,0.6161232,0.5033702,0.579102,0.5641416,0.5533252,0.5780069,0.682507,0.6360191,0.5731541,0.5313373,0.5433156,0.6193703,0.7110315,0.6676497,0.6109741,0.4858205,0.5611928,0.6593801
0.8119659,0.7912655,0.7684004,0.7537431,0.7465051,0.662793,0.5914193,0.4893863,0.3502278,0.8810565,0.8433945,0.812073,0.7785131,0.7351006,0.6408554,0.5424178,0.465916,0.8794944,0.8445926,0.8285388,0.7839524,0.684638,0.6359779,0.5600047,0.8284864,0.8245664,0.8130425,0.7632663,0.692109,0.6123884,0.8981268,0.8330198,0.8338377,0.7981579,0.7603095,0.6886523,0.8452933,0.8244651,0.9631834,0.7218024,0.6482815,0.5542879,0.4862793,0.4005214,0.3264523,0.8387828,0.7945328,0.7459738,0.668574,0.5873049,0.5359097,0.4910005,0.5047652,0.8353977,0.7873568,0.7337815,0.6597706,0.6308545,0.5897962,0.5937714,0.8253808,0.7731572,0.7222531,0.6843998,0.6569796,0.651254,0.7714402,0.6833917,0.6884348,0.6706093,0.667278,0.6989028,0.6831645,0.6888611,0.699055,0.7120091,0.681814,0.5605994,0.3969692,0.7417771,0.6898925,0.6899235,0.7038569,0.7298374,0.7549587,0.7351309,0.6342309,0.7188448,0.7014233,0.7152026,0.7444381,0.7640485,0.7833049,0.7958685,0.7091842,0.7016441,0.7347046,0.7577985,0.7779337,0.7200003,0.7396837,0.7523984,0.7587742,0.7839848,0.741426,0.7613914,0.7692399,0.7633759,0.7634496,0.7927328,0.8077879,0.7592676,0.6018288,0.4018122,0.7683154,0.7788802,0.7681841,0.754155,0.7740721,0.8037865,0.8004712,0.7770712,0.563846,0.7745218,0.7797022,0.7617998,0.7610727,0.782872,0.7859899,0.7881262,0.7217751,0.75375,0.7714594,0.7793632,0.7641752,0.7501827,0.7432466,0.7377064,0.7738922,0.7687784,0.7445301,0.7045958,0.6985859,0.762693,0.7211897,0.695434,0.662229,0.6698171,0.671234,0.5894262,0.4587871,0.3549544,0.7478369,0.7034992,0.6606721,0.6333829,0.6453047,0.614367,0.557109,0.4666299,0.584422,0.6327128,0.6607486,0.6556644,0.6178109,0.5736929,0.7328503,0.7266453,0.7168412,0.6871905,0.6651602,0.6918039,0.8479226,0.7596907,0.7275729,0.7335944,0.7062336,0.3243743
0.8764979,0.8685431,0.813866,0.8010167,0.8603231,0.9229839,0.9673275,0.9744508,0.9090319,0.9161268,0.8360875,0.7659783,0.8897328,0.921243,0.9548145,0.9575776,0.9046311,0.86634,0.8621153,0.8690107,0.898257,0.9131064,0.9175332,0.8915303,0.8694073,0.867794,0.8545899,0.9024149,0.9511928,0.850692,0.9145982,0.8830098,0.8530636,0.8547685,0.8697162,0.8209223,0.8906463,0.8285446,0.8477682,0.7428282,0.762277,0.7308097,0.771203,0.8046062,0.8615575,0.8769749,0.8346437,0.7727777,0.6898766,0.4984394,0.5317197,0.66741,0.7338166,0.8398964,0.8014376,0.7242398,0.553069,0.4122152,0.5078788,0.6248869,0.8389252,0.75973,0.626097,0.6012136,0.5194053,0.5560658,0.8009991,0.6921809,0.5857508,0.5921836,0.5460628,0.5744249,0.6152583,0.5613385,0.5735779,0.5947567,0.6945634,0.8101567,0.866289,0.6544007,0.6490044,0.5896733,0.5692782,0.6249877,0.6728106,0.8079616,0.8926997,0.5814343,0.6483479,0.612615,0.6518142,0.7506948,0.8084145,0.9063169,0.5657597,0.6233585,0.6827111,0.7128727,0.8128737,0.6240987,0.7369399,0.789588,0.8332832,0.8946148,0.6941494,0.7916276,0.8344649,0.8629178,0.8833204,0.8927585,0.8977983,0.8822966,0.8495007,0.8584854,0.8189201,0.8304294,0.8269186,0.8402775,0.8057266,0.7945989,0.7903049,0.7647474,0.7845002,0.7267186,0.7259041,0.7340783,0.722325,0.6792391,0.6760376,0.6721287,0.6694014,0.5681634,0.60913,0.6562914,0.6479378,0.599812,0.6107602,0.5678356,0.6049888,0.6191843,0.6006081,0.5702933,0.5327967,0.6030707,0.5740005,0.5867291,0.5130148,0.4626396,0.5602057,0.7439031,0.8486336,0.9319626,0.6056736,0.3372544,0.521428,0.4612556,0.4090712,0.6626914,0.8376404,0.9364843,0.5070117,0.6917786,0.4536596,0.5659698,0.8110273,0.9184359,0.6990962,0.6696534,0.6599111,0.6209397,0.7110996,0.8461494,0.7934082,0.8146031,0.7284983,0.7009916,0.8135445,0.8958322
0.8018509,0.778845,0.7331151,0.6680918,0.6046723,0.6018922,0.582462,0.5750531,0.5842391,0.815703,0.7916431,0.725073,0.6961502,0.6440538,0.6088857,0.5653567,0.5715542,0.8162904,0.7863976,0.7482318,0.7078454,0.6509746,0.6067762,0.5516276,0.8182517,0.8078279,0.7579392,0.7100249,0.6684574,0.5796206,0.8577291,0.8161146,0.7902764,0.753475,0.7085176,0.642899,0.8122316,0.7892612,0.7729777,0.6872851,0.6398213,0.6958345,0.8074888,0.8089237,0.765672,0.8105289,0.8185085,0.7612631,0.7445517,0.7628255,0.8468341,0.9007124,0.9380785,0.8872551,0.8792803,0.8604521,0.781038,0.8293823,0.8948957,0.9152624,0.8946674,0.8588556,0.8244146,0.6146396,0.8109018,0.8604639,0.8168315,0.619672,0.8577968,0.755693,0.8201966,0.6686319,0.744908,0.7929662,0.8210888,0.8315096,0.8581512,0.8273789,0.695489,0.6464198,0.7205808,0.7422823,0.7563996,0.7217429,0.7030713,0.6857327,0.6934782,0.6520358,0.701432,0.7029303,0.6651446,0.6339352,0.6131402,0.5925667,0.6237273,0.6482013,0.6710548,0.601989,0.585277,0.56374,0.6174759,0.6219704,0.6245412,0.6211051,0.5859603,0.6392624,0.6713138,0.6628428,0.6519756,0.612113,0.6156664,0.6799415,0.7361392,0.6942945,0.6966787,0.7142281,0.6992702,0.6786273,0.632497,0.653975,0.74603,0.8870022,0.8437633,0.7287717,0.7218309,0.6714951,0.6248303,0.6792943,0.7812635,0.867512,0.9458498,0.7339599,0.6928497,0.6715128,0.6883292,0.7981376,0.8065034,0.9009058,0.7247654,0.7517975,0.7817941,0.826017,0.8698301,0.7595254,0.7840146,0.8316013,0.8532506,0.9002782,0.9473774,0.9511034,0.8290204,0.5935403,0.7612117,0.786086,0.8299779,0.8694341,0.9244229,0.9145783,0.7462821,0.5920944,0.7640424,0.8545521,0.7944983,0.7747476,0.7999761,0.5915408,0.7993112,0.8263128,0.810403,0.7029623,0.6851283,0.6226047,0.8032353,0.7657771,0.6975168,0.6375765,0.6401785,0.7443556
0.587059,0.4008596,0.08474257,0.2997862,0.3780185,0.3678414,0.4377738,0.4474471,0.4421175,0.662718,0.531136,0.365082,0.4578099,0.4411757,0.4273385,0.4328798,0.4634819,0.6591209,0.6469123,0.5790787,0.497297,0.469001,0.4351254,0.4029061,0.742128,0.8025585,0.6660779,0.5302038,0.444097,0.3633241,0.6927139,1.019672,0.8359624,0.6168603,0.4669608,0.3828151,1.15275,0.6923379,0.4690138,0.3358345,0.3025392,0.3237188,0.3934318,0.4333165,0.4262044,0.7349991,0.4088641,0.1796574,0.07878175,0.1849773,0.3055383,0.6559381,0.3987061,0.384786,0.308879,0.1040297,0.0245113,0.1696271,0.2830266,0.3654633,0.3894921,0.1364135,-0.02713618,0.08064528,0.1986747,0.188403,0.3590021,0.2315974,0.02564408,0.1822799,0.1044547,0.08160929,0.182759,0.2932894,0.2415101,0.2738251,0.3528367,0.3886241,0.3957641,0.235053,0.2363468,0.3071014,0.3055193,0.3510667,0.3548416,0.4017668,0.3747507,0.2013632,0.3551906,0.3853656,0.3899924,0.3799438,0.4049354,0.4150866,0.3948028,0.4375331,0.4519539,0.425128,0.4256457,0.4351225,0.4880002,0.4774128,0.4596116,0.4211563,0.4766246,0.4934867,0.4877275,0.4793295,0.4672682,0.4358598,0.3544454,0.3469205,0.3352742,0.3918714,0.4857136,0.5310703,0.501161,0.511437,0.4483045,0.3537123,0.2743981,0.2678381,0.2830541,0.5043219,0.4867054,0.497979,0.4723915,0.4033583,0.2874391,0.2408321,0.2336882,0.4806571,0.4255711,0.420399,0.4066041,0.3220175,0.2109035,0.1507505,0.3624983,0.3723424,0.2683503,0.231934,0.1814387,0.3043747,0.3065679,0.08427297,0.2191695,0.1729696,0.1659946,0.226649,0.41133,0.479915,0.3773673,0.2471924,0.06478661,0.2346408,-0.04988347,0.2602988,0.3049574,0.471777,0.2536902,0.1520067,0.2754949,0.123762,0.3008952,0.4079702,0.3973953,0.2220767,0.1075656,0.1517029,0.2383746,0.3729851,0.4822403,0.4099049,0.1056558,0.08060525,0.1767239,0.4464067
0.511929,0.3026965,0.8601334,0.0148768,0.1796032,0.2287744,0.2188209,0.1959902,0.1616949,0.5488256,0.2321505,1.149713,0.1080932,0.2265399,0.2318749,0.2285514,0.1850356,0.4896969,0.4187725,0.2119312,0.3544911,0.2395488,0.2222038,0.2071775,0.522375,0.4676105,0.3602698,0.2923444,0.1724197,0.1964459,0.6131986,0.5586852,0.4201532,0.2647344,-0.2306525,-0.07018434,0.4313244,0.2943308,1.038466,-0.2564557,0.04338285,0.1866697,0.1546278,0.1000359,0.09565246,0.4827745,0.167403,0.6124004,0.01031484,0.06515888,0.1662324,0.09724533,0.07215845,0.4294117,-0.02284799,0.1726528,0.2162503,0.126786,0.03166183,0.02731643,0.5042126,0.2681266,0.2250361,0.1524644,0.001505349,-0.01576428,0.3356289,0.3718031,0.1674032,0.03123811,-0.04325208,0.2069202,0.1370738,-0.001809258,-0.04512327,0.04606717,0.03279246,0.06576477,0.0711019,0.3512413,0.3219986,0.1155787,0.04084357,0.061473,0.06787289,0.08666795,0.03976377,0.4621541,0.3295048,0.1881099,0.1238601,0.1418923,0.1620907,0.1940094,0.5533438,0.4307538,0.2759476,0.2354481,0.240824,0.565241,0.4653128,0.3532734,0.2835754,0.2509288,0.5910743,0.5488505,0.4721096,0.3961598,0.3044541,0.2162046,0.1394393,0.09742155,0.08162874,0.1176829,0.5773803,0.5344014,0.4345888,0.3191259,0.2176907,0.1486102,0.1172465,0.09935224,0.1294017,0.5508325,0.4964322,0.4142932,0.3134489,0.1926957,0.1211817,0.07656088,0.1469704,0.5395094,0.5086322,0.4277446,0.2864043,0.1418643,0.0620179,0.04763285,0.5179901,0.3837616,0.2098735,0.06011666,0.05238781,0.5022157,0.3179637,0.1710923,0.07948066,0.0897902,0.1580083,0.1840198,0.1763861,0.2570414,0.4000002,0.2099295,0.1650061,0.0780083,0.1132504,0.192598,0.2132465,0.1971846,0.3798866,0.06317262,0.2153484,0.213688,0.1974284,0.2074562,0.4558139,0.3799682,0.2954727,0.2102876,0.1906478,0.1833084,0.4959297,0.4066337,0.268359,0.1657211,0.1026768,0.1398039
0.6953772,0.6691967,0.5834857,0.6399923,0.6657646,0.7077279,0.6943858,0.6706504,0.6435232,0.8187673,0.5425654,0.6184996,0.6574612,0.7094154,0.7019893,0.7001486,0.6833943,0.657557,0.6298234,0.6815706,0.6293821,0.7097765,0.7040673,0.6805868,0.6925521,0.649204,0.6893747,0.4180644,0.6834587,0.6808484,0.7150102,0.6808347,0.5680436,0.6431751,0.6662478,0.6706417,0.7225838,0.5616716,0.682368,0.6368752,0.6547816,0.6673644,0.6579105,0.6261395,0.6056842,0.7235571,0.669736,0.6558287,0.6296198,0.6315151,0.6316255,0.6552384,0.6075816,0.6951744,0.6683501,0.6226153,0.5914119,0.5784835,0.5752028,0.5717462,0.6779965,0.6125749,0.5419596,0.5086799,0.5388013,0.5646647,0.5944327,0.582597,0.4662918,0.468963,0.5227703,0.4621002,0.4733281,0.484503,0.5301481,0.551501,0.5620064,0.5787404,0.5904595,0.5249834,0.5199617,0.4926987,0.5088274,0.5372377,0.5647671,0.5743752,0.584231,0.6040697,0.5615324,0.4902128,0.5173798,0.5735146,0.6027426,0.6584036,0.6037273,0.5329159,0.5349745,0.5908924,0.634759,0.5944831,0.5697227,0.6463251,0.6705064,0.6526129,0.6715571,0.6342406,0.6625487,0.719405,0.7487503,0.7238101,0.6935267,0.6341957,0.6247021,0.6243663,0.690015,0.6741346,0.7022317,0.7571461,0.7713839,0.7268036,0.672673,0.6410941,0.6324366,0.7144303,0.7225138,0.7560821,0.7729598,0.7341641,0.6609788,0.6091552,0.6086208,0.7479076,0.7506864,0.7553744,0.751353,0.6603456,0.5726898,0.566697,0.7552616,0.74604,0.6962256,0.5823784,0.5108448,0.7560061,0.7197654,0.5856211,0.4755573,0.4976606,0.5671637,0.6181238,0.6353639,0.6500548,0.7146918,0.6075662,0.4991041,0.466753,0.5308187,0.5840847,0.6302836,0.6559123,0.593732,0.5053853,0.5586751,0.5429677,0.6265875,0.6609215,0.6204504,0.6354484,0.638747,0.6204109,0.579239,0.6485543,0.6637483,0.6854155,0.6904297,0.492304,0.5752282,0.6363722
1.230256,1.26155,1.257174,1.247807,1.251562,1.209538,1.232645,1.246875,1.254662,1.216645,1.231694,1.213483,1.179039,1.263339,1.172226,1.235547,1.252424,1.224519,1.205345,1.241113,1.269061,1.28314,1.044868,0.8579348,1.231136,1.172133,1.191773,1.187583,0.7493366,0.8135754,1.240561,1.131368,1.172469,1.200821,1.193514,0.9177226,1.164874,1.172323,1.201755,1.155426,1.002677,1.090797,1.183147,1.250838,1.257871,1.128847,1.243368,1.187627,0.9980972,1.06294,1.058893,1.234791,1.246857,1.075625,1.105306,1.16554,1.289913,0.9265758,0.9487943,1.204336,1.267177,1.193995,1.279542,1.237389,1.021237,1.183863,1.035405,1.200906,1.253636,1.2677,1.028322,1.265499,1.259582,1.275412,0.9596695,1.200173,1.258909,1.257421,1.259536,1.248473,1.271953,1.222676,0.877251,1.141662,1.246649,1.253246,1.253938,1.261745,1.259677,1.163683,1.041655,1.084308,1.193991,1.248365,1.222592,1.231267,0.948141,0.9932702,1.109083,1.190635,0.9423053,0.956057,1.082139,1.153605,1.078903,1.115003,0.9708803,1.041148,1.152619,1.231716,1.256727,1.258266,1.261734,1.263703,0.9238983,1.064014,1.177385,0.9487762,1.202551,1.248135,1.257934,1.260133,1.265166,1.160567,0.8139074,1.000418,0.8785375,1.171923,1.232302,1.244378,1.25207,1.006865,1.016115,1.060069,0.9555997,0.9819282,1.116049,1.143953,1.178405,1.181123,1.240995,0.8396031,0.851224,1.239136,1.106328,1.282467,1.077186,1.054402,1.173132,1.232424,1.262104,1.260281,1.096,1.134483,0.9484563,0.9910759,0.8210225,1.074858,1.228599,1.252644,1.126103,1.089943,1.126018,0.7304768,0.9097921,1.222163,1.136564,1.216263,0.8977178,1.197957,1.092295,1.091312,1.294117,1.051574,1.210171,1.234856,1.090164,1.261925
0.6612972,0.6181241,0.5956216,0.6680683,0.7071305,0.7456008,0.7776766,0.7966308,0.7349788,0.6750358,0.6635823,0.7018411,0.720834,0.7589327,0.7776105,0.7888841,0.7536792,0.7034097,0.7146671,0.735569,0.756285,0.7680608,0.756766,0.7177182,0.7276394,0.7344685,0.7352412,0.7378978,0.7229266,0.6511693,0.7354076,0.737972,0.7480989,0.7206525,0.6892014,0.625199,0.7391714,0.7051015,0.6795092,0.6476892,0.5624877,0.5592695,0.6168125,0.6023917,0.5720032,0.7278122,0.6972365,0.6933434,0.6772479,0.4425716,0.4891036,0.4443167,0.4588183,0.7299225,0.7355418,0.7143419,0.6887472,0.57807,0.3827069,0.3464579,0.7559651,0.7733963,0.790535,0.7375957,0.5277593,0.3614335,0.7748849,0.8013374,0.8074735,0.7264744,0.5347464,0.7439804,0.7554572,0.6303,0.4249898,0.3728487,0.4148531,0.4827558,0.5458444,0.6821195,0.688108,0.6292943,0.5274187,0.4623184,0.4816614,0.5272349,0.5367678,0.6028505,0.559044,0.5835485,0.560866,0.5444849,0.6091051,0.7511478,0.5487545,0.5789906,0.6400501,0.6824116,0.7087647,0.5677286,0.6522959,0.7726827,0.7944536,0.8075174,0.5901587,0.6512046,0.7699082,0.8363879,0.8560671,0.802705,0.6811035,0.56709,0.5099953,0.5922996,0.644421,0.7393506,0.8254085,0.8458539,0.8171697,0.6946183,0.5497,0.4568762,0.469878,0.6861787,0.7718342,0.8374003,0.8372869,0.7405007,0.5523506,0.4026948,0.3245694,0.7407926,0.8326284,0.8514823,0.8183022,0.6440948,0.4072334,0.2948968,0.8197081,0.8375312,0.7681099,0.5453618,0.3679948,0.7424871,0.724213,0.6671593,0.4913775,0.267725,0.2761441,0.3900785,0.6166007,0.7650517,0.7302443,0.6693616,0.5579364,0.4049454,0.3234956,0.4118311,0.5772098,0.7472377,0.6186805,0.5508252,0.4225673,0.44198,0.5773892,0.697023,0.7115648,0.6174768,0.4797444,0.4120021,0.5050024,0.6359846,0.6761572,0.5897158,0.4848022,0.5009674,0.6125501,0.668925
1.128229,0.8820049,0.7644892,0.6016735,0.7490129,0.7020204,0.7476448,0.6585535,0.7704371,1.13957,1.05311,1.11641,0.9565364,0.7852487,0.6928274,0.7726705,0.7184799,1.174192,1.274729,1.17595,0.9665935,0.8295935,0.8452311,0.7938918,1.272774,1.240078,1.203323,1.152326,1.003213,0.918152,1.154744,1.272378,1.190883,1.144164,1.005395,1.037847,1.332655,1.222604,0.9621558,0.7889373,0.9710358,0.6824467,0.9961922,0.8388431,0.8283556,1.294874,1.07978,0.6664883,0.5754665,0.7489761,0.827062,1.241921,0.8704935,1.062998,0.8540072,1.064361,0.9261309,0.646943,0.856921,0.7341335,1.111198,1.331302,0.7778389,0.6252911,0.5981673,0.5121405,0.9688889,1.062419,0.8177866,0.5401818,0.5327204,0.7219157,0.7883936,0.6361031,0.5283547,0.5856863,0.7744867,0.9996314,0.8394676,0.6999778,1.121557,0.9519776,0.6728293,0.5932585,0.7636957,0.9575309,0.976888,1.269964,1.260132,0.8661743,0.6114293,0.7549698,0.824499,0.9243068,0.9450122,0.8481143,0.6301137,0.66175,0.7253089,0.9838706,0.9193146,0.6434166,0.69011,0.7639186,0.8915507,0.9945711,0.7956315,0.6970419,0.7563484,0.8122178,0.8648315,0.9991825,0.9257445,0.8472168,0.9080063,0.987588,0.8092123,0.7186238,0.7624288,0.8349244,0.8263794,0.8963432,0.7574042,0.9091754,1.036703,0.7336568,0.646103,0.8106914,0.8106287,0.8199353,0.6232125,0.9236003,1.048129,0.7801266,0.6162837,0.7157806,0.5163281,0.4841523,1.008481,0.7326767,0.6269807,0.6087779,0.4294488,0.6455994,0.772562,0.5695616,0.4734375,0.7115246,0.4329184,0.586713,0.6149596,0.7186206,0.7812833,1.036574,0.5970012,0.5864473,0.4428006,0.421463,0.5563982,0.7346101,0.8132273,0.5758539,0.7430354,0.504634,0.6286305,0.851293,0.9213349,0.9733416,0.6378455,0.8024013,0.5985132,0.8066241,1.112694,0.7787868,0.5388656,0.6979225,0.2286899,0.7659873
0.6405373,0.5581167,0.4975706,0.5333399,0.5915204,0.6636732,0.6816863,0.6887823,0.6741443,0.613012,0.5485682,0.554908,0.6223263,0.6660225,0.7272238,0.6789433,0.6600009,0.6122683,0.5910035,0.6161766,0.6665189,0.6678867,0.6487326,0.5965953,0.6320441,0.6373988,0.6680247,0.6602361,0.6299677,0.5602132,0.6520404,0.6609551,0.6748996,0.6546729,0.6368891,0.5771805,0.6883091,0.6678561,0.5860846,0.4958099,0.4635065,0.4608504,0.5364723,0.6104311,0.6616994,0.6686546,0.6088234,0.522783,0.4385817,0.4284232,0.4547612,0.5435776,0.6542469,0.6537021,0.5863539,0.5277888,0.4938219,0.4695933,0.5541554,0.6315213,0.6392957,0.5829867,0.5688599,0.4795291,0.4422802,0.6751834,0.6728879,0.6639338,0.6056079,0.5224456,0.5746205,0.6828339,0.5759345,0.7866839,0.681311,0.7368758,0.7097433,0.7175257,0.7002164,0.6857002,0.616696,0.6306732,0.6918486,0.8056036,0.8003746,0.8005726,0.7318534,0.7056586,0.695721,0.7266268,0.8009483,0.8384125,0.871017,0.8760067,0.7244148,0.7658622,0.8195456,0.8700987,0.8920121,0.7814697,0.8045666,0.8879175,0.919089,0.9341242,0.7569609,0.8107879,0.8628038,0.9183899,0.9307998,0.8837243,0.8870929,0.757544,0.7264294,0.7508672,0.8110563,0.8158278,0.8866825,0.924518,0.931504,0.8634392,0.7521369,0.7554036,0.6633043,0.8449066,0.8582554,0.8866135,0.8952581,0.8302692,0.7611049,0.6887917,0.6099252,0.8268172,0.8209907,0.7159846,0.7873214,0.6821367,0.6104867,0.5735022,0.7573195,0.6859738,0.5955688,0.5808247,0.5530801,0.7326364,0.6275432,0.542424,0.5456452,0.4922248,0.5280271,0.6189514,0.6446236,0.6955057,0.7045437,0.6542061,0.5722919,0.5274305,0.4241832,0.5338178,0.6332668,0.6771371,0.672667,0.5530237,0.4949148,0.4714956,0.5430368,0.6171325,0.7124043,0.7109971,0.5710013,0.4905879,0.4449484,0.5614227,0.677287,0.5479586,0.5060415,0.4399092,0.5453488,0.6924608
1.222333,1.080305,0.9826052,0.9858183,0.9814637,0.9885036,1.013549,1.033212,0.9871577,1.143527,1.085748,1.039943,1.011219,1.022658,1.025113,1.02765,0.9944444,1.082148,1.068849,1.00658,1.044766,1.01974,1.010063,0.990913,1.076176,1.052577,1.034879,1.005718,0.9861612,0.9402682,1.099602,1.056795,1.033303,0.9920372,0.9272392,0.9055641,1.030265,1.023636,0.8518668,0.8713547,0.8583394,0.8953269,0.9270139,0.9657915,0.9805686,1.006402,0.9507147,0.8754767,0.7539631,0.7994728,0.8709561,0.8812939,0.9316835,1.057166,0.9157466,0.7400581,0.7216504,0.787182,0.8335338,0.9085666,0.9422035,0.9487154,0.8647275,0.8096035,0.8085241,0.8642204,0.9696486,0.8788764,0.9155747,0.8403161,0.8280747,0.8690131,0.8827455,0.8451558,0.889254,0.9355277,0.9956049,0.9955212,0.9846675,0.9563709,0.9101769,0.9054945,0.9288674,0.9739555,1.062194,1.06747,1.037184,0.9612989,0.9626475,0.9872221,1.014996,1.078948,1.114245,1.153864,0.9801391,1.041931,1.048247,1.088325,1.130509,1.046516,1.047645,1.083682,1.115811,1.134201,1.054553,1.061469,1.008614,1.068444,1.110216,1.13786,1.159744,1.124199,1.03417,0.9649198,0.9911041,0.9884291,0.9801593,1.046859,1.108489,1.121487,1.092725,1.020294,0.9578211,1.01985,0.9475359,0.9992124,1.082145,1.088605,1.021391,0.9615546,0.8908054,0.9683514,0.8871722,1.028411,1.05284,1.010209,0.9400588,0.8612663,0.9463239,1.024246,0.9992233,0.951744,0.866904,1.023351,0.9914872,0.9695213,0.8911611,0.8224928,0.8314509,0.8651295,0.9466788,1.012654,0.989817,0.9205268,0.9190463,0.8380816,0.8966191,0.8458381,0.9074115,0.9851002,0.9940993,0.8924333,0.8185375,0.8831719,0.8953862,0.9662845,1.108057,0.9994159,0.9994528,0.967824,0.8864596,0.9114665,1.102406,1.040886,0.9184096,0.9372228,0.9513476,0.9775842
0.8260131,0.7115469,0.6978689,0.6814663,0.5414386,0.7837782,0.8712904,0.8924932,0.8869358,0.8007061,0.5906389,0.4710578,0.4129282,0.7483636,0.8673499,0.8624544,0.8954057,0.6661176,0.6516616,0.5737782,0.6502358,0.7164024,0.7615366,0.8521941,0.665043,0.3288876,0.2989035,0.5006369,0.3813904,0.6613767,0.7511304,0.6513196,0.5254604,0.5596496,0.222009,0.5143092,0.6800216,0.6396639,0.3174267,0.5261887,0.6007862,0.7981791,0.8440902,0.8700819,0.8689293,0.745738,0.7310932,0.6278796,0.581524,0.7121057,0.7881671,0.8078999,0.8066856,0.7974752,0.7320251,0.6999673,0.6012186,0.7123936,0.7182512,0.7254407,0.8301777,0.7501782,0.686308,0.6498412,0.7076541,0.6470214,0.7994277,0.7729461,0.6963483,0.5240679,0.6169624,0.6018896,0.4448895,0.5472782,0.6009045,0.5946363,0.6906793,0.7909227,0.8417406,0.6938624,0.6363159,0.5590509,0.6088578,0.5880235,0.6824167,0.7340723,0.7873282,0.5986823,0.6169506,0.6264151,0.6114706,0.6485301,0.7130954,0.7133616,0.692995,0.6928836,0.687062,0.7042727,0.726716,0.7589291,0.7248611,0.7386702,0.7273864,0.7211537,0.8178721,0.8208989,0.8519446,0.7661716,0.7469308,0.7279491,0.7107361,0.7406878,0.7577021,0.8112688,0.8408799,0.8559067,0.8219003,0.7760128,0.7231035,0.7109521,0.71457,0.6824574,0.7629768,0.8841394,0.8416274,0.7557716,0.7281049,0.6831942,0.6468195,0.6546259,0.8833946,0.8427873,0.7860621,0.6913209,0.6189757,0.6880617,0.6383435,0.6861904,0.7245001,0.6639991,0.6533993,0.6493373,0.6189386,0.7214493,0.6368977,0.654547,0.6701626,0.6979375,0.6942924,0.7468657,0.8097213,0.8868577,0.6517244,0.7002668,0.771575,0.638989,0.7000432,0.7522851,0.8019545,0.8869902,0.8276864,0.6953101,0.5058281,0.7010801,0.7555501,0.7954782,0.8338264,0.8081818,0.5709862,0.6822845,0.3989496,0.4864677,0.8549651,0.7294837,0.7028238,0.5310965,0.4645734,0.9037189
1.060139,1.066022,0.883812,0.8729599,0.8077266,0.7416496,0.704304,0.6644043,0.5529569,1.410051,1.20056,1.08963,0.9404571,0.8020869,0.7381351,0.7342108,0.7087553,1.33461,1.110218,1.013016,0.915814,0.7982602,0.7499781,0.7263989,1.111246,1.05594,0.9894379,0.9071792,0.7753628,0.6816953,1.047439,0.9964904,1.066089,0.9316019,0.7990788,0.688077,1.079987,1.054301,0.8598566,0.78768,0.6374655,0.6555016,0.700895,0.6343236,0.4176711,1.218756,0.9222478,0.7668233,0.7043631,0.6651723,0.6969376,0.6910477,0.6483381,1.084042,0.8589774,0.7792612,0.7732535,0.6925508,0.7730115,0.7200991,0.9923468,0.9425983,0.8640887,0.8266575,0.7745447,0.8117197,1.035349,0.9744622,0.906952,0.8781185,0.84764,0.9701353,0.9413133,0.9112683,0.8564025,0.8012669,0.6853572,0.4992514,0.2956707,0.9933363,0.9808358,0.9472982,0.9008951,0.8428085,0.7604224,0.6350004,0.4342278,0.9766632,0.9706248,0.9520709,0.9162638,0.8237778,0.7202792,0.6806034,0.9676834,0.9721954,0.9381173,0.891224,0.7654104,0.9535635,0.9189538,0.8731589,0.8013819,0.780489,0.9339131,0.8912666,0.8448708,0.8156906,0.7739654,0.7319595,0.6595742,0.5700262,0.4388576,0.3800866,0.9381958,0.8909187,0.8443636,0.7862172,0.7951044,0.7222132,0.6248707,0.5514669,0.4708922,0.9572469,0.9030027,0.8643218,0.8474144,0.7718122,0.6997449,0.6228825,0.5692028,0.9606014,0.9240007,0.9157553,0.8562683,0.7716869,0.6835625,0.6295025,0.935528,0.9077805,0.8387532,0.7844983,0.6328767,0.9207481,0.878623,0.8329396,0.6882206,0.6152194,0.641342,0.6109692,0.564833,0.5205556,0.9473456,0.726954,0.8237219,0.72251,0.6329417,0.6162946,0.6146374,0.6413177,0.8440445,0.7109475,0.7007918,0.594972,0.5724943,0.6501624,1.223316,0.848191,0.6276856,0.6850118,0.6169301,0.6640904,0.901738,0.8309504,0.789974,0.6650898,0.7613185,0.3367955
0.5266968,0.5069171,0.3353264,0.2410177,0.1935743,0.3204669,0.3346875,0.3710377,0.3517464,0.4350144,0.4521689,0.4258293,0.2535025,0.3474247,0.3487523,0.3384248,0.4179225,0.4394264,0.4818849,0.2751985,0.3656699,0.3425985,0.3382914,0.3353111,0.529797,0.4860374,0.3347381,0.2918352,0.3294472,0.3173468,0.5165726,0.4478033,0.4724923,0.3475649,0.4779431,0.4432591,0.5367186,0.4852353,0.455917,0.2956412,0.2351133,0.2451103,0.3202452,0.3977326,0.374806,0.6131685,0.4945635,0.4527555,0.2882646,0.2443096,0.2289746,0.3127333,0.3767146,0.4606084,0.4267305,0.3316253,0.2074843,0.2455996,0.1134453,0.3395694,0.4653085,0.3771138,0.1843585,0.01888331,0.1434083,0.1373586,0.4340973,0.2609047,0.16513,0.04370179,0.04715641,0.1232793,0.2048725,0.1948445,0.197035,0.3111612,0.370959,0.425203,0.3898677,0.139357,0.1152314,0.181231,0.2097475,0.2919457,0.3320576,0.3985136,0.3881262,0.1398707,0.1530925,0.1791612,0.2576877,0.3140086,0.3817169,0.3460596,0.2437993,0.1587991,0.1711618,0.2937884,0.3548755,0.3293579,0.3019803,0.3160576,0.3259624,0.3545717,0.5161455,0.4074068,0.3881713,0.4003583,0.3205943,0.338672,0.3296463,0.3694026,0.3722853,0.3766042,0.4254041,0.3895299,0.3785948,0.3248009,0.2502339,0.304628,0.3175858,0.3254122,0.4171658,0.4015966,0.4063099,0.3129941,0.1883409,0.1893376,0.2240375,0.2361912,0.2671621,0.3685081,0.3437904,0.2044375,0.06817726,0.08801809,0.1423566,0.1935282,0.3350448,0.1100513,0.09230465,0.07872336,0.09676768,0.328359,0.1712651,0.1773976,0.2059533,0.1961726,0.2128869,0.3294354,0.406785,0.4049215,0.3548095,0.2946196,0.2743407,0.238765,0.1997975,0.2612309,0.3163369,0.372069,0.2663944,0.2913342,0.3039186,0.2572916,0.2293764,0.3263189,0.5108024,0.3678559,0.3657717,0.3163618,0.1617882,0.2149592,0.5489604,0.4874555,0.33481,0.1295356,0.2536262,0.3475741
0.6367312,0.5280083,0.4572785,0.4712338,0.4691833,0.5375704,0.5297098,0.5425251,0.5565857,0.6814783,0.4083498,0.3793579,0.4846361,0.5370588,0.5659177,0.566349,0.5591042,0.6303172,0.5150843,0.5587871,0.5947921,0.5934861,0.5945457,0.6318992,0.6066376,0.5844938,0.5538175,0.5807979,0.5865811,0.5597176,0.6215823,0.5615941,0.5606996,0.5026166,0.4857136,0.4561738,0.5835391,0.5181959,0.5125933,0.5321637,0.5258256,0.5205876,0.5181355,0.5235267,0.5606064,0.656661,0.6297247,0.6210434,0.5201986,0.4901389,0.4962376,0.4912453,0.5146016,0.6552699,0.6461937,0.5191462,0.3686853,0.4382538,0.4982304,0.5207908,0.6621118,0.6125475,0.4851606,0.4269027,0.5404054,0.6604323,0.5962654,0.5481364,0.307405,0.4897753,0.6483248,0.4546927,0.474523,0.6054149,0.7106522,0.7049554,0.611078,0.5916663,0.5792366,0.476114,0.4652371,0.5574043,0.6666861,0.7127091,0.6737125,0.6310272,0.6027085,0.4876444,0.5040559,0.5716381,0.6234768,0.6523132,0.6502814,0.6632345,0.4570099,0.5304612,0.568604,0.6107675,0.6524781,0.5299799,0.5639428,0.5871125,0.6471877,0.6770746,0.5748254,0.5904171,0.6259333,0.6861838,0.726991,0.695204,0.6522539,0.6394094,0.6091521,0.5620244,0.5876361,0.6291075,0.6930878,0.7339125,0.7147944,0.6278116,0.6116173,0.6465825,0.6200929,0.6041209,0.6429484,0.6613979,0.6670287,0.6123926,0.568712,0.6236745,0.7147382,0.5818607,0.5717778,0.5727994,0.5509985,0.5008669,0.534302,0.6560478,0.5163024,0.4402728,0.4645211,0.4900214,0.5636115,0.4727716,0.4176899,0.4219097,0.4765315,0.6124123,0.7044573,0.6442213,0.5137894,0.5223207,0.4390793,0.4065688,0.4024902,0.3722364,0.5652874,0.5679655,0.4766055,0.4778851,0.4888698,0.4773154,0.4715138,0.623319,0.387956,0.4584454,0.5598308,0.5337964,0.3743058,0.5010228,0.4788907,0.4146991,0.6176469,0.6317725,0.5809678,0.5199342,0.5000525,0.5660962
0.5451978,0.4547203,0.3272049,0.2869845,0.266617,0.2987072,0.3069302,0.2912058,0.3168586,0.5116842,0.4081662,0.3220655,0.3082915,0.3270413,0.32657,0.3029022,0.2749579,0.4199698,0.3825477,0.3162661,0.3643509,0.348605,0.297157,0.2828479,0.4236225,0.3952177,0.3001028,0.2786966,0.2776122,0.2851612,0.4596087,0.4496574,0.1899285,0.3635684,0.112688,0.2404648,0.4829026,0.5833654,0.4085594,0.3489476,0.2538058,0.2818938,0.2681791,0.293369,0.3427596,0.5433829,0.5022136,0.4503288,0.3639126,0.2544558,0.2578763,0.2527237,0.3357855,0.5717859,0.6068093,0.3329233,0.2684467,0.1949162,0.1614856,0.2402897,0.5149006,0.3426775,0.2008323,0.1427921,0.1141045,0.1253895,0.3444601,0.3267908,0.109302,0.1561738,0.1516159,0.2944011,0.1751591,0.1920496,0.1707364,0.211633,0.3429297,0.4243458,0.4250933,0.2660376,0.2174177,0.1994416,0.2075849,0.2676158,0.3513451,0.4658182,0.4668116,0.1678442,0.2615678,0.2938369,0.2989018,0.3623979,0.4649691,0.5299441,0.1824217,0.3223235,0.338257,0.3867533,0.4742258,0.2195338,0.319487,0.374327,0.4935787,0.5192988,0.1935801,0.2816086,0.3590836,0.4442312,0.5173925,0.5491166,0.5283146,0.4584445,0.4021446,0.3026386,0.2877778,0.3216656,0.4018115,0.5257088,0.5569179,0.5186107,0.4441715,0.3482407,0.2808172,0.3196067,0.3801038,0.546561,0.5753425,0.5213067,0.4839443,0.2825458,0.2295284,0.2767923,0.4426184,0.5795872,0.5396374,0.4305791,0.3016722,0.1894917,0.4364305,0.501591,0.3697658,0.2307332,0.1542009,0.3648215,0.2997156,0.197317,0.1250799,0.1828943,0.208352,0.225724,0.2595822,0.293878,0.2568958,0.2301234,0.1847977,0.2329575,0.2060432,0.1903553,0.2357791,0.2731457,0.2472454,0.3708449,0.2641347,0.2013496,0.2004213,0.2609238,0.3471743,0.3248286,0.3577419,0.2375859,0.2090164,0.2578709,0.5447927,0.5409399,0.1969838,0.1769507,0.2140493,0.3142814
0.5113102,0.6243355,0.3476266,0.4208286,0.281898,0.1687881,0.352715,0.451693,0.4802239,0.7485723,0.1360173,0.3585628,0.2157921,0.2231157,0.2964677,0.3727903,0.450338,0.6487688,0.1278571,0.218507,0.188055,0.327556,0.2958826,0.4583815,0.5674172,0.3688627,0.1267659,0.2491185,0.2868199,0.3429387,0.4962519,0.6134366,0.06436849,0.08503152,0.547904,0.1770716,0.6992091,0.3566776,0.2954845,0.1919584,0.3030335,0.4124864,0.4156716,0.4477282,0.524696,0.6150994,0.5235041,0.3900014,0.2775147,0.299363,0.3806226,0.3944142,0.5363914,0.5313056,0.5925473,0.37117,0.2456169,0.3081602,0.3816174,0.4696997,0.4683366,0.3574754,0.1411462,0.2310426,0.2614036,0.3861099,0.4234827,0.200853,0.184458,0.09971908,0.2463318,-0.1706686,0.1890711,0.2240857,0.4034081,0.4250745,0.5073246,0.5766548,0.5439726,0.04049352,0.2521588,0.2799538,0.3622997,0.4098458,0.4670582,0.5172578,0.5677931,0.1944617,0.2087083,0.321239,0.3740487,0.4162371,0.4998437,0.5006503,0.1374434,0.3365747,0.339141,0.3978334,0.4535762,0.2528846,0.3733495,0.4331892,0.4390979,0.5009392,0.3338377,0.3834481,0.4871255,0.5884178,0.4722774,0.4847672,0.5009889,0.525419,0.538386,0.4947768,0.4283303,0.5201418,0.5456507,0.4516344,0.3971799,0.4109116,0.4580538,0.4723334,0.4553941,0.4790326,0.4479232,0.4239713,0.354911,0.3379543,0.3714968,0.3797348,0.3734014,0.4387047,0.33962,0.333944,0.3104699,0.3627265,0.3076555,0.2663736,0.4626912,0.3382135,0.3861219,0.2470531,0.1791904,0.4054391,0.3199455,0.3395886,0.2809195,0.2045208,0.2927082,0.3070952,0.4148659,0.46447,0.4611691,0.4622763,-0.03051653,0.1501093,0.2820305,0.1518331,0.246165,0.4072919,0.7497085,0.3838979,0.2999406,0.2520491,-0.02551594,0.2375635,0.7072139,0.428641,0.6439315,0.2801599,0.1881212,0.1729839,0.94982,0.5854331,0.6419897,0.3182088,-0.1015965,0.5111259
0.4607058,0.4484751,0.1481096,0.1041565,0.4593559,0.49279,0.5108564,0.4965458,0.3713797,0.5048438,0.3899826,0.2955019,0.4397803,0.5211997,0.542438,0.5078265,0.44414,0.4275694,0.4833329,0.518512,0.5392808,0.5361009,0.5132514,0.4409614,0.5998729,0.5636821,0.4605794,0.5056008,0.4565176,0.3168857,0.6318213,0.5716434,0.3849179,0.1776923,0.2072407,0.357761,0.3891987,0.2041997,-0.01123189,0.0666518,0.1024782,0.2575146,0.3607672,0.4011708,0.3676919,0.4867579,0.313399,0.221723,0.1438648,0.05782201,0.2467485,0.2783595,0.3358186,0.4844133,0.4300729,0.1426836,0.3119595,0.1876869,0.2480085,0.289809,0.5029907,0.3461758,0.1004448,0.2660693,0.2350991,0.2587673,0.4387566,0.3954642,0.2889332,0.3069204,0.278849,0.2583915,0.35686,0.2937303,0.2978195,0.2951542,0.328453,0.3700328,0.3595052,0.4208433,0.4502702,0.3448244,0.3239799,0.3463469,0.3332098,0.3479918,0.3538555,0.4815541,0.4395953,0.3943568,0.3785007,0.3553207,0.3628942,0.3822154,0.4652949,0.4549958,0.4582637,0.4238994,0.3961694,0.4751891,0.489772,0.4691088,0.4363673,0.3991117,0.4622718,0.4864034,0.4772708,0.4537611,0.4291737,0.4070851,0.3703748,0.3555309,0.3624943,0.3828954,0.4762145,0.4761611,0.452713,0.4457747,0.4446596,0.3825833,0.3445468,0.3244952,0.3468634,0.4920974,0.473103,0.4445422,0.4373028,0.4056071,0.3514827,0.2976068,0.2845272,0.4991449,0.4698693,0.4399817,0.4283707,0.3710396,0.2978161,0.2211671,0.4763311,0.4571949,0.4084095,0.3234983,0.2321952,0.4830091,0.4541886,0.3781339,0.2578059,0.1607208,0.2315497,0.3090713,0.3935107,0.3967908,0.4660963,0.3534175,0.2854727,0.09512004,0.2022194,0.2497778,0.3152408,0.4485545,0.4966949,0.2910696,0.1750816,0.159361,0.3286846,0.4320599,0.3627151,0.2618726,0.2147274,0.2160097,0.2116461,0.4020831,0.4045595,0.3873778,0.3576224,0.09172649,0.2117471,0.3842818
0.8883604,0.7869806,0.5633091,0.7916409,0.8099313,0.8214605,0.8290838,0.8516405,0.870111,0.9412249,0.9118555,0.8342288,0.8551934,0.8646442,0.8549132,0.8527519,0.8607228,0.8383684,0.9259914,0.9333253,0.8942703,0.8709427,0.8424606,0.8223675,1.020062,0.989993,0.9301435,0.8822004,0.8412983,0.8187527,1.032428,1.014564,0.9667291,0.9143654,0.8363461,0.7913157,1.008007,0.8348066,0.82757,0.7359201,0.7146769,0.7498629,0.8589743,0.8859031,0.9201285,0.9767227,0.8473951,0.7398009,0.7014604,0.68733,0.7299098,0.8588377,0.9264882,0.8824713,0.7736132,0.7355108,0.6785976,0.6955803,0.7900126,0.9235986,0.8355885,0.7894555,0.611347,0.7073934,0.8051081,0.8917516,0.7565259,0.6474164,0.651705,0.7873778,0.8378199,0.6295482,0.7692959,0.8060474,0.8829209,0.9419972,0.9835621,0.9857787,0.9301581,0.6265787,0.6798326,0.7385285,0.801155,0.8934685,0.9578412,0.9794209,0.9561884,0.6116155,0.6410164,0.7069572,0.7961882,0.8933506,0.9162385,0.8851429,0.6025512,0.6136079,0.691687,0.8059947,0.8708529,0.6370728,0.6482293,0.7415266,0.8244438,0.8540264,0.6766787,0.6751074,0.7362698,0.7813115,0.8123594,0.8471079,0.8937798,0.920456,0.9244158,0.8621122,0.7355691,0.7256471,0.7320529,0.7585332,0.7904979,0.8431701,0.9086502,0.9119893,0.8716635,0.7014416,0.6550593,0.6777996,0.7227859,0.7773739,0.8670925,0.8927734,0.8786201,0.5227827,0.5971015,0.6681197,0.727085,0.8024515,0.8688674,0.8718507,0.6156908,0.6510502,0.7320801,0.7991815,0.8393711,0.6061331,0.6710739,0.7234095,0.7924808,0.8269536,0.8389728,0.8246983,0.8051713,0.862006,0.6143215,0.5838141,0.6923881,0.7665592,0.7931428,0.7992827,0.758019,0.8093398,0.5504857,0.5984101,0.7376338,0.751509,0.7368472,0.7653817,0.7618478,0.7022711,0.7024529,0.6936655,0.7093535,0.7684358,0.8019297,0.736242,0.7098134,0.7511964,0.7614529,0.8694992
0.9029846,1.02635,1.029724,0.8898369,0.8413609,0.7933954,0.764999,0.7344452,0.7226244,1.43769,1.349322,1.124037,1.012559,0.9296054,0.8648543,0.8008235,0.7218214,1.480357,1.388543,1.199638,1.043291,0.943317,0.8631227,0.749137,1.56456,1.46818,1.200184,1.177139,0.9438118,0.8145881,1.484835,1.621891,1.504079,1.407058,1.086639,0.8950183,1.572529,1.401037,1.364157,0.8612115,0.7497972,0.7273742,0.6911397,0.6933576,0.7320882,1.609204,0.9121409,0.9447975,0.7784598,0.6769517,0.6865317,0.6792912,0.678625,0.9051543,0.7731182,0.8194757,0.6090003,0.6244047,0.6674742,0.6448548,0.8614542,0.8370482,0.4824416,0.5233409,0.7331761,0.7053143,0.8459547,0.8347812,0.7344655,0.7708498,0.7782976,0.7822703,0.7527455,0.8021209,0.7674236,0.6836265,0.7071633,0.7536042,0.7650092,0.8540185,0.8285467,0.7854259,0.8530815,0.7853527,0.7669179,0.7780319,0.7842161,0.8936491,0.8824619,0.9385198,0.8795573,0.831524,0.834815,0.8656655,0.9724857,0.9749546,0.8831111,0.8844801,0.8886834,0.9732136,0.9307334,0.9207339,0.9030012,0.9063539,0.9949861,0.9570284,0.9573775,0.9515885,0.9442957,0.9389036,0.868821,0.803207,0.7776068,0.7764465,0.9573138,0.9414189,0.9722371,0.9652974,0.9744482,0.9387391,0.8349112,0.7777026,0.7431051,0.9580725,0.9551091,0.9943832,0.9749587,0.9548874,0.8510308,0.770331,0.7226251,0.9684066,0.9522824,0.9672295,0.9688851,0.8799624,0.7857482,0.6987126,1.072819,1.036172,0.9336924,0.8487254,0.7305114,0.9593062,0.8819645,0.8469949,0.7380412,0.6676541,0.6127754,0.6156589,0.6972325,0.7217879,0.8884251,0.7669592,0.7182556,0.6605818,0.6431254,0.5887771,0.6014021,0.6899999,0.6926953,0.6798295,0.6120696,0.6145916,0.6067269,0.6675857,0.817016,0.7369745,0.618931,0.6362215,0.6747873,0.7114155,0.7954291,0.784182,0.7649062,0.7699195,0.7744247,0.731591
0.9046903,0.7980314,0.7434522,0.7309183,0.882873,0.9414284,0.9181171,0.8870274,0.8342872,0.7527253,0.8095255,0.7311308,0.8919939,0.9549134,0.9571381,0.9495845,0.8291864,0.7806376,0.7351322,0.8880216,0.9162536,0.9622599,0.9308226,0.8522191,0.8963838,0.9035539,0.8339016,0.8843322,0.8647007,0.8584256,0.8732516,0.7967819,0.7575448,0.7718387,0.6971487,0.7244834,0.7611557,0.7117709,0.8562909,0.6199278,0.7013892,0.7603124,0.7643132,0.7939625,0.8656772,0.784413,0.7729614,0.7665874,0.7243063,0.6562297,0.7645431,0.8432338,0.901464,0.8732309,0.8765957,0.7196054,0.5175713,0.639941,0.8465301,0.9528052,0.8857494,0.785534,0.6831777,0.5407387,0.7533286,0.9150135,0.8681699,0.7609171,0.6683857,0.7587713,0.8259585,0.7768792,0.75831,0.8419949,0.9028032,0.9447232,0.9706475,0.9380662,0.9219022,0.8359737,0.711918,0.8198738,0.8848683,0.905389,0.9518292,0.9685919,1.004354,0.8026369,0.9076918,0.9077721,0.8842542,0.9077559,0.9707409,1.023118,0.5474263,0.9355796,0.8834148,0.8687499,0.9412777,0.8417978,0.8372548,0.8493967,0.8729318,0.9812319,0.8409318,0.7967949,0.8009899,0.8340035,0.9442182,1.016268,1.048878,1.040844,0.9942595,0.9418562,0.7988567,0.7811822,0.7662711,0.8420058,0.9594316,1.029376,1.034549,1.023246,0.9538465,0.7709427,0.6999254,0.721333,0.8587038,0.9617066,1.00128,1.00999,0.9868134,0.7845848,0.6884273,0.7740377,0.911875,0.9604573,0.9660532,0.9610838,0.7799451,0.8682113,0.9296579,0.9757117,0.8906699,0.7815918,0.8842701,0.8919464,0.8778308,0.8629261,0.9054723,0.9239436,0.8723205,0.8723367,0.8658582,0.8630869,0.6532501,0.8021879,0.8289975,0.8275989,0.8283547,0.8792171,0.7763447,0.7944419,0.7651328,0.6956861,0.7940127,0.8697168,0.8182273,0.7175572,0.7583888,0.7184843,0.7545473,0.8724672,0.8750608,0.8334535,0.6782988,0.7370009,0.8036707,0.8443316
0.5426546,0.4572563,0.4188012,0.4413207,0.5059983,0.5272133,0.5706637,0.49788,0.4212624,0.5514164,0.4925661,0.4980303,0.5161113,0.5362241,0.5662394,0.5666347,0.5066814,0.5894774,0.5411319,0.5371237,0.555813,0.5686585,0.5717049,0.5390923,0.5893618,0.5623426,0.5326276,0.5385587,0.5431624,0.5421128,0.677031,0.5872408,0.5119083,0.511488,0.5066079,0.5067112,1.335608,0.5622861,0.5216702,0.4910756,0.4587871,0.4869065,0.4530919,0.3709776,0.2338604,1.06633,0.5735713,0.5100458,0.4278767,0.3734633,0.3331177,0.3000014,0.2194341,0.6182175,0.5503384,0.4757747,0.4000256,0.3333142,0.2880625,0.2124228,0.5933568,0.5106551,0.3809042,0.3512083,0.3140779,0.2738826,0.5460131,0.283866,0.3533367,0.3480666,0.3169276,0.325411,0.3028475,0.3267047,0.3281139,0.2462728,0.1483251,0.1485941,0.1819489,0.2294139,0.2198517,0.2718111,0.2883464,0.2501758,0.1871098,0.1527073,0.1628681,0.1766031,0.215681,0.2598895,0.2593475,0.262227,0.2307842,0.3068565,0.1944278,0.2007157,0.2415975,0.3065498,0.3364463,0.2516071,0.269236,0.3629734,0.3958679,0.4119161,0.3553023,0.3689825,0.4065211,0.4586286,0.4405688,0.4130205,0.2620396,0.1933366,0.1757721,0.2383034,0.4142433,0.4625946,0.4784621,0.4825969,0.4302682,0.372052,0.2224022,0.1906087,0.2095003,0.437028,0.4684882,0.4798213,0.4718234,0.4240127,0.3145208,0.255719,0.194736,0.4019543,0.4063662,0.4386995,0.4432166,0.4073186,0.3330069,0.2746926,0.3328844,0.3806545,0.4141238,0.3965488,0.3222682,0.2846296,0.3547046,0.3720297,0.3582992,0.2920565,0.2427339,0.2449717,0.3299369,0.3768176,0.2153413,0.2499469,0.3291041,0.3153267,0.2602819,0.2833265,0.405411,0.4566219,0.2297519,0.3366421,0.3242689,0.2942193,0.4215213,0.4363568,0.4059997,0.3762532,0.3442205,0.3198013,0.3674366,0.4576324,0.5073438,0.4171709,0.3799121,0.3736297,0.3849355,0.2766816
0.8955613,0.6778422,-0.09335508,0.1916405,0.1115617,0.5138111,0.6879114,0.728152,0.7427061,0.7332435,-0.2754984,0.05571301,-0.2765408,0.5325844,0.6986607,0.7070676,0.7169771,0.08857309,0.1851259,-0.08190738,0.5016043,0.6067789,0.6223086,0.5647771,0.3175474,0.2876482,0.1402975,0.2934939,0.2302224,0.1561579,0.6525418,0.1479117,-0.1300791,-0.4844202,-0.2799022,-0.02863774,-0.1477188,-0.1236137,-0.3485131,-0.228401,-0.2621637,0.1858303,0.5561512,0.6129749,0.7375056,0.7342636,0.5049836,0.4531009,0.3167516,0.06295807,0.4595768,0.5919592,0.7130145,0.8383933,0.7724404,0.6819325,0.5200667,0.4730082,0.511441,0.6114671,0.8789964,0.8568505,0.7623758,0.6238375,0.5370845,0.5809153,0.8909801,0.8777557,0.8544592,0.6076717,0.6318388,0.7175063,0.6714076,0.6858177,0.5949758,0.6350573,0.7125542,0.771967,0.7620152,0.7783322,0.6625171,0.6183349,0.5874635,0.6168085,0.6585395,0.7370105,0.7678016,0.6381682,0.5632687,0.5656539,0.5844889,0.6366736,0.7227966,0.7570257,0.4078678,0.4358024,0.5454471,0.6285692,0.7004015,0.2917784,0.4940476,0.5908965,0.6501618,0.7152185,0.4083006,0.4187047,0.5804771,0.6579251,0.7810557,0.8165937,0.8180398,0.7709407,0.8249695,0.767619,0.4454066,0.5856067,0.6125981,0.6917242,0.699548,0.8032668,0.791532,0.7753727,0.7536463,0.5222762,0.5595754,0.6390706,0.6647239,0.6885438,0.7140281,0.6810343,0.6869347,0.4355818,0.5426385,0.6321734,0.6679991,0.6789136,0.6683087,0.5977885,0.5974354,0.6906652,0.7184231,0.6296853,0.6110316,0.7103423,0.7337056,0.7085924,0.6828296,0.5301882,0.5736288,0.7248916,0.7348474,0.7864586,0.7704554,0.805216,0.7340871,0.6868344,0.5130011,0.4955204,0.6135033,0.7020968,0.8295356,0.7817559,0.7158842,0.4388059,0.3915114,0.5345458,0.9229265,0.8818181,0.8178294,0.6335078,0.3434267,0.1406243,0.9184381,0.8227571,0.5650426,0.1756837,0.3515526,0.769927
0.5396499,0.3098993,0.5154248,0.3620854,0.5523756,0.6110291,0.6493809,0.6409813,0.6001642,0.6587231,0.6257349,0.563283,0.5603034,0.6654766,0.6770967,0.6524344,0.5687555,0.6500921,0.6027688,0.674206,0.6882879,0.651558,0.6129854,0.4675127,0.6732638,0.681823,0.6613773,0.5435302,0.3591481,0.2435782,0.6557552,0.6660441,0.6415687,0.4753621,0.2237774,0.1079531,0.6312779,0.4383225,0.3937839,-0.08715698,-0.05169478,0.1891299,0.4833839,0.5959064,0.6640943,0.5507889,0.2707696,0.4102026,0.00961133,0.1364461,0.4338158,0.6278098,0.689906,0.3570418,0.1862287,0.1179543,0.02834863,0.2639199,0.5305053,0.6603243,0.4727985,0.172688,-0.02784912,0.21258,0.3853233,0.5801274,0.3464312,0.4551605,0.4089099,0.479934,0.5538318,0.5315224,0.280471,0.5130749,0.5875956,0.6427276,0.6964557,0.6984676,0.6742045,0.5780047,0.5277811,0.447894,0.5064116,0.6237915,0.6409511,0.6867676,0.7143456,0.5600867,0.3898388,0.4018566,0.4751225,0.5439118,0.6214703,0.6635207,0.2962124,0.3443723,0.4068736,0.4679006,0.5511175,0.3905146,0.4290383,0.436104,0.532578,0.6196288,0.6051488,0.5385436,0.4758492,0.5419992,0.6016207,0.6296414,0.6770789,0.691358,0.6879119,0.6079113,0.5704226,0.5020838,0.4722109,0.5360954,0.5876094,0.6272781,0.6719432,0.7108976,0.6891222,0.5311823,0.404689,0.4504694,0.5211544,0.578692,0.6170852,0.6211686,0.6458059,0.3723391,0.3068803,0.4073116,0.4520403,0.5314114,0.5506833,0.5188394,0.4001487,0.4686346,0.54949,0.4293126,0.388298,0.5700668,0.5174405,0.4652597,0.4307437,0.4001701,0.5282215,0.6022716,0.605442,0.5992832,0.5697271,0.4437115,0.469049,0.2835388,0.3061491,0.4977642,0.4385446,0.615766,0.3885582,0.4155504,-0.01950435,0.2581805,0.4311824,0.5294765,0.4645435,0.1454939,0.0384348,0.1688095,0.294339,0.4984561,0.463627,0.2284614,0.1901838,0.3014523,0.4338165,0.5965677
0.5250465,0.3133569,-0.1058273,0.09033335,0.1369732,0.1670347,0.157147,0.1132548,0.08936189,0.4183503,0.2413059,0.08416853,0.1021951,0.1646348,0.1840276,0.1566377,0.06240398,0.3561831,0.1035364,0.2114201,0.1336547,0.1481145,0.1181548,0.06837559,0.3584958,0.07802292,0.07536561,0.1488663,0.06787435,0.009836462,0.7012061,0.2530974,0.001195992,0.1721673,0.09598708,0.03077718,0.3776459,-0.02018699,0.01221545,0.05353581,-0.07341874,-0.04163158,-0.04466253,0.03467868,0.03366766,0.5537556,0.07687748,0.06331258,0.01088995,-0.0463939,0.01850761,0.01771966,0.07314746,0.4459121,0.2620294,0.07092192,-0.06598569,-0.1111169,-0.03153865,0.06683325,0.4001551,0.03750801,0.02595846,-0.01461298,-0.05397855,-0.03853561,0.3002608,0.1978685,0.1067723,-0.07501301,-0.08365398,0.1028527,0.1317888,0.002981282,-0.08963622,-0.08836477,-0.01154634,0.02989261,0.1137586,0.2959258,0.07267916,0.03925955,-0.06005624,-0.05387618,-0.03777966,0.05724387,0.1383771,0.2375221,0.163849,-0.02941458,-0.04390563,-0.03728412,0.05954029,0.2013071,0.1732811,-0.01736537,-0.06142667,-0.01848263,0.08535422,0.08772482,0.0546779,0.092149,0.1012488,0.2007975,0.1130713,0.1568874,0.2085733,0.2173683,0.2484256,0.2435786,0.2390779,0.1665298,0.1286436,0.08186531,0.1974427,0.2199485,0.22075,0.1960492,0.1643756,0.1687799,0.1475593,0.1321213,0.081728,0.251971,0.2258252,0.2102297,0.02890409,0.06867935,0.0964621,0.07208539,0.0743056,0.2529835,0.1597052,-0.02291312,-0.01265522,-0.00280368,0.01734469,-0.01833782,0.04359227,0.0004791954,0.02578437,0.02103744,-0.02092399,0.09786765,0.08004504,0.03632117,0.02638746,-0.01435691,0.01294019,0.05032311,0.04640028,0.07841449,0.1608727,0.1490308,0.07329609,0.03912747,0.05779758,0.02737394,0.04305755,0.09579088,0.2491786,0.172782,0.1003085,0.08364036,0.07453892,0.1164333,0.3746624,0.2712055,0.316159,0.1229182,0.07198977,0.1331023,0.4045737,0.2997181,0.09516291,0.3702384,0.08271893,0.104571
0.4777882,0.4392014,0.3170604,0.1334449,0.1508983,0.2787613,0.3074899,0.2840071,0.2700562,0.540749,0.3532687,0.3327575,0.316468,0.3354185,0.364446,0.3693662,0.314671,0.6303232,0.433728,0.3940755,0.3170311,0.4082203,0.3826568,0.3972521,0.5286397,0.4477528,0.4122682,0.41346,0.4114374,0.370169,0.521995,0.5131325,0.4574491,0.391081,0.4098979,0.4286467,0.5046661,0.4942371,0.4151999,0.3641306,0.3731164,0.3627397,0.3294852,0.2476797,0.1798309,0.5186012,0.5014917,0.481785,0.4055597,0.3418195,0.3710781,0.2465756,0.1720921,0.4977928,0.5219506,0.4957428,0.4127963,0.3496169,0.2545487,0.1622421,0.4912872,0.4610298,0.3792664,0.284078,0.2539357,0.05116997,0.4993958,0.3869871,0.2643868,0.08583175,0.01381199,0.2028563,0.1581578,0.02474815,-0.009868581,0.0377302,0.1010021,0.1288727,0.1473324,0.1471915,0.08919105,0.04303415,0.03094224,0.02766933,0.07939114,0.1317238,0.1044494,0.1071691,0.1131216,0.09070361,0.09016789,0.1060505,0.1352311,0.1949046,0.1864454,0.1729016,0.1910741,0.1647111,0.187352,0.2367424,0.2582818,0.2583746,0.2296149,0.24526,0.3015513,0.3353523,0.3300353,0.3011078,0.3121409,0.2604536,0.2320298,0.09341484,0.09852833,0.1323553,0.3513204,0.3690965,0.3827341,0.39297,0.3371748,0.2264119,0.1634434,0.07043202,0.1038006,0.3753415,0.3856198,0.442421,0.4127804,0.2847988,0.1556393,0.08533589,0.07833911,0.3515631,0.36845,0.3247972,0.2926997,0.198036,0.09036977,0.05648316,0.3239906,0.2640755,0.2660257,0.1659822,0.07128102,0.2735976,0.2044419,0.2268034,0.1557995,0.03938378,0.07303733,0.1179845,0.155543,0.2085371,0.2040173,0.1986443,0.2089018,0.1495315,0.1620777,0.2412558,0.2144125,0.2709238,0.2369159,0.1697558,0.2431841,0.243076,0.1592347,0.2399368,0.3388146,0.3619416,0.2522251,0.3542833,0.1609056,0.241111,0.3774069,0.4480339,0.3422691,0.1650171,0.1409716,0.1697755
0.6697267,0.7405047,0.5516971,0.5231071,0.6729267,0.7344793,0.768944,0.7687324,0.7260098,0.6712961,0.5371075,0.5397426,0.6348662,0.7116797,0.7620071,0.7440803,0.705846,0.4293325,0.3691375,0.5151351,0.6988118,0.6994832,0.8928205,0.6958622,0.3954876,0.3863385,0.5365771,0.5670123,0.6089652,0.6000093,0.823473,0.6768094,0.3889902,0.2618061,0.4700532,0.53016,0.5451794,0.4711101,0.495148,0.4820126,0.4370224,0.591801,0.5691773,0.6413335,0.7244586,0.6319928,0.7737501,0.6176762,0.5066803,0.5967464,0.5431994,0.4975779,0.6642745,0.6526425,0.6637664,0.6632504,0.4083934,0.4688538,0.41311,0.5545735,0.7081361,0.6760983,0.4949057,0.2329188,0.4512886,0.4658396,0.6804724,0.4816872,0.1998477,0.4650207,0.5219674,0.5014091,0.336291,0.5288784,0.6117277,0.5748669,0.6755288,0.7320185,0.7628148,0.256296,0.4502631,0.4249743,0.4380003,0.5596126,0.6153825,0.7227305,0.7746389,0.5596914,0.38472,0.3805578,0.4777368,0.5855482,0.7083101,0.7272464,0.405839,0.297596,0.4164425,0.5243695,0.6782773,0.198881,0.3260223,0.5096551,0.6002591,0.6875196,0.358758,0.3099164,0.4428065,0.5616231,0.6530837,0.6963542,0.7460478,0.8492444,0.7221946,0.7200699,0.4797691,0.3832271,0.6168042,0.7707998,0.627709,0.6731179,0.7186221,0.6207974,0.6588084,0.5005201,0.2967246,0.4359878,0.5599874,0.5697368,0.4956551,0.4639322,0.4909618,0.4415731,0.3938132,0.4294927,0.4281411,0.5600171,0.1460821,0.3469353,0.5316525,0.3837261,0.09376638,0.09640132,0.1552163,0.428376,0.1541029,0.2362713,0.3021288,0.3546481,0.3672654,0.474671,0.6809101,0.7546383,0.4472135,0.3266284,0.3376498,0.4223764,0.432328,0.4295263,0.566381,0.7249892,0.2961268,0.3949804,0.4690855,0.5110062,0.5403805,0.7094269,0.3880389,0.464766,0.6788738,0.5550333,0.5687487,0.6674521,0.5612125,0.6313924,0.681028,0.5907327,0.6249586,0.765067
0.5986351,0.249999,0.108795,0.265322,0.6919935,0.8454983,0.8233302,0.834902,0.8097542,0.325747,-0.08993858,0.2167768,0.7329659,0.795357,0.8339702,0.8186849,0.7995625,0.2598368,0.4132173,0.698514,0.8096682,0.7876425,0.7744427,0.7674908,0.7659255,0.7348275,0.7319453,0.7327272,0.7920416,0.7025102,0.8706204,0.8742102,0.605495,0.2062329,0.4614477,0.6080006,0.5823107,0.6350254,0.5886456,0.515417,0.5050685,0.61597,0.7284548,0.7685153,0.8172317,0.5905175,0.5979616,0.5116244,0.5560926,0.5103289,0.6135311,0.727581,0.799962,0.7612059,0.5403636,0.5720726,0.4657542,0.5716007,0.6306289,0.7348582,0.6787736,0.5517037,0.4743111,0.3816184,0.603926,0.6816812,0.6320853,0.5472822,0.6271306,0.5964708,0.6249797,0.7569389,0.6965799,0.7088953,0.7557968,0.799539,0.7881172,0.8014637,0.7776341,0.805905,0.7122426,0.7665461,0.85522,0.8228719,0.8780061,0.8252026,0.8057613,0.8092181,0.8326074,0.9125975,0.9074582,0.9190687,0.9099702,0.9355406,0.8057691,0.9338525,1.016129,1.001007,1.084028,0.9406614,0.9918417,1.063523,1.097968,1.078549,0.8949215,0.92507,0.994399,1.090398,1.061064,0.9716742,1.128327,0.8514242,0.7953001,0.7864124,0.8511813,0.9284323,0.9960306,1.021462,1.071735,0.8828315,0.9030454,0.7978487,0.7263039,0.851069,0.9113529,0.9719973,0.9191867,0.8256338,0.8635375,0.6681003,0.6711178,0.8276461,0.9027076,1.088388,0.7878123,0.6607516,0.6083311,0.5848307,0.7646425,0.6329646,0.5518579,0.3515627,0.4374593,0.6104748,0.4868239,0.4679583,0.3787958,0.3442764,0.4771923,0.6099573,0.7198693,0.8072397,0.5924399,0.5018792,0.3315867,0.2459385,0.2985273,0.4173449,0.6324456,0.8143703,0.3249156,0.4526017,0.3244739,0.2347548,0.4179086,0.7290052,0.585431,0.2070476,0.3274913,0.3650086,0.2678023,0.6322267,0.6265107,0.4026899,0.4221157,0.18254,0.5485498,0.8481452
0.6147767,0.5286217,0.4075279,0.3052776,0.3107986,0.3194481,0.3447338,0.3127233,0.2453114,0.5475545,0.4745673,0.3985396,0.3486961,0.3593395,0.3656085,0.3601004,0.3135347,0.5107483,0.435286,0.4042518,0.3739519,0.364321,0.3699473,0.3176739,0.4955558,0.4547869,0.3850192,0.3684837,0.3439158,0.3005219,0.5270943,0.5043728,0.414409,0.3281321,0.3263931,0.2607626,0.4757876,0.3745628,0.2103714,0.2401662,0.2108025,0.2301755,0.2995097,0.2521545,0.1998371,0.5478881,0.4797989,0.271575,0.2341438,0.06255472,0.2338467,0.251658,0.240843,0.4746867,0.419972,0.2121744,0.2854115,0.1662143,0.2200572,0.2560897,0.5137904,0.373743,0.3820265,0.235347,0.2065289,0.2434203,0.4729343,0.4445044,0.2720036,0.2064202,0.2046777,0.2774718,0.2509882,0.2255055,0.2428201,0.2577772,0.2519721,0.2108804,0.132485,0.3087634,0.2610236,0.2502177,0.3206611,0.2579066,0.2577907,0.2451761,0.1957236,0.2286474,0.2408044,0.2699132,0.2716843,0.2765861,0.2640497,0.2674735,0.1889992,0.2521273,0.2683502,0.2724238,0.2798955,0.2409963,0.2470968,0.2515599,0.2802475,0.2726355,0.2782242,0.2666402,0.2230695,0.2175224,0.2380313,0.2344378,0.2299418,0.2007969,0.1687083,0.1289493,0.3082483,0.2698635,0.2298976,0.2107516,0.2043657,0.2117599,0.2157526,0.2044527,0.159241,0.309318,0.2676311,0.2111268,0.1840009,0.1997134,0.2002929,0.1839739,0.1554125,0.2956339,0.2623616,0.2246086,0.2229182,0.2279204,0.2206621,0.1867283,0.260008,0.2848304,0.2866759,0.2729892,0.2494102,0.3154598,0.3731413,0.3938442,0.3686371,0.2446388,0.1457227,0.1359367,0.1818339,0.2028253,0.3679495,0.4676243,0.4849589,0.4244336,0.2485508,0.1190626,0.1595454,0.2517961,0.5950602,0.5840865,0.4597129,0.3413367,0.1848905,0.2724921,0.6304326,0.6614617,0.5673484,0.3884937,0.2593217,0.2568098,0.643698,0.6416602,0.4938286,0.3551314,0.275821,0.1575173
