2.106415,2.269248,2.330022,2.560521,2.915383,3.165591,3.341438,3.702796,3.743778,1.688257,2.06381,2.390094,2.86907,3.059582,3.235083,3.461059,3.833103,1.794778,1.997527,2.599927,2.864807,3.020466,3.285014,3.601763,1.879252,2.27389,2.620182,2.940018,3.050191,3.091744,1.854113,2.059631,2.21667,2.565881,2.959099,3.043374,1.856236,2.144403,2.461388,2.725525,3.103117,3.348754,2.953039,2.903715,2.853473,2.186614,2.470144,2.513548,2.926355,2.347929,1.67631,1.691917,1.935637,2.321686,2.368208,2.610086,2.021594,1.350762,1.212413,1.495872,2.279179,2.055495,2.094765,1.658878,1.084528,1.223433,1.988473,2.085963,1.849739,1.371529,1.377584,2.154854,2.571579,2.296794,1.765021,1.536714,1.713204,2.096881,2.515824,2.906941,3.866686,4.617708,2.736521,2.009289,1.818889,2.157607,2.393643,4.388551,7.704226,6.155011,3.271904,2.38549,2.378448,2.692489,5.941187,8.54086,5.085584,2.861364,2.528645,5.641409,6.065668,2.745891,2.489843,2.655226,3.270297,4.555649,4.010067,2.472969,2.18431,2.241204,2.177538,2.153923,2.238968,2.749617,3.095135,4.000082,4.331424,2.969669,2.177499,1.966761,1.801905,1.728932,2.175131,3.582668,5.268478,6.918145,4.661466,2.73972,1.848988,1.605819,1.676653,3.692112,5.106411,6.603248,5.263848,3.199566,1.703002,1.351372,3.492543,4.565026,3.489859,2.221579,1.64194,3.050536,2.698739,2.238116,2.04792,1.580825,1.628295,2.403772,2.894456,3.763931,2.322551,1.161318,2.114669,2.237234,2.534827,2.656821,3.221277,3.45444,1.965224,2.215371,2.514544,2.880025,3.046049,3.373348,1.983883,2.145799,2.335514,2.439641,2.635154,3.07074,2.017348,2.161629,2.383259,2.585512,2.676166,3.223215
5.401092,5.170754,5.045222,5.231179,5.453459,5.367902,5.779253,6.195385,6.56215,5.84394,5.450537,5.470583,5.517041,5.6201,5.781285,5.881312,6.02608,5.685056,5.60976,5.722628,5.846542,6.020873,6.056706,6.327094,5.805337,5.89693,6.087313,5.986063,6.092447,6.309118,5.572061,6.365919,5.855967,5.98086,6.255102,6.446833,6.006766,6.094075,5.991502,6.117278,6.438849,6.63869,6.018337,5.654686,6.319491,5.992854,5.820651,5.996482,6.117025,6.804371,6.027126,4.572259,4.832192,5.172921,5.235947,5.076094,5.478631,4.575814,3.044348,2.995958,4.803029,4.655782,4.299754,4.099815,2.940593,2.397917,4.564817,4.521315,3.767651,2.675951,2.561471,5.853233,3.667177,3.219636,3.032634,3.499775,4.433102,6.031635,6.917663,4.951505,4.902384,5.623519,5.398437,5.001569,5.608037,6.400833,7.565545,7.230886,9.082452,10.11052,7.777328,8.447041,9.243114,10.36452,9.582825,12.75568,12.22561,9.472314,9.896787,9.267964,9.76925,7.30681,8.428382,10.41129,7.364027,7.672316,5.942353,5.772509,7.877464,9.52388,9.430794,8.299001,7.002379,6.351308,7.181591,6.355215,5.551638,5.784842,7.490826,8.564337,7.669205,6.683342,5.381722,7.497256,7.978518,9.290792,9.118431,8.370906,7.17757,5.384038,4.262905,3.383944,12.50317,16.46745,13.4624,8.082691,5.046329,3.471285,12.33606,13.00008,10.01985,4.801725,2.869905,9.672428,8.597753,5.038497,2.932603,2.162827,2.386601,3.557196,5.933264,6.860041,7.077955,5.471199,3.621745,2.526965,2.430513,3.356646,4.814297,5.653068,4.672772,3.190715,3.620794,3.551392,4.246585,5.107425,5.087566,4.54329,4.48978,4.373776,4.628637,5.01042,5.106341,4.992311,4.863887,4.834968,5.101136,6.640688
0.8654177,0.4363471,0.8809169,1.004382,0.9859989,1.097815,1.129246,1.265476,1.199188,0.6668488,0.9413525,0.8508399,0.959334,1.046606,1.078432,1.158812,1.231917,0.9948733,0.9110344,0.9414354,1.019593,1.044922,1.120038,1.202904,0.8833175,0.9136614,0.9397193,1.009079,1.05277,1.142505,0.9483576,0.9456242,0.932084,0.9911265,0.9851284,1.029158,0.9648745,1.009949,0.9810454,0.9819652,1.047914,1.191736,1.262213,1.294048,1.210073,1.055855,1.044189,1.0272,1.023706,1.064062,1.187807,1.338073,1.349388,1.07065,1.076509,1.054238,1.059229,1.123333,1.162993,1.297866,1.095449,1.098583,1.081192,1.050747,1.141631,1.229198,1.11435,1.102989,1.131781,1.170537,1.188851,1.063184,1.223778,1.256434,1.37668,1.386194,1.43046,1.348325,1.23851,1.022537,1.094671,1.332866,1.462124,1.399884,1.438877,1.304371,1.298498,1.122308,1.380639,1.49166,1.413465,1.295106,1.233318,1.126644,1.2532,1.469779,1.474937,1.258419,1.116604,3.31776,1.604187,1.158484,1.060854,1.014282,1.662988,3.182191,1.307939,1.065008,1.025096,1.133064,1.300386,1.391971,1.413734,1.277687,1.158446,0.9842749,0.967102,0.9932529,1.096635,1.235932,1.347727,1.448715,1.365782,1.036618,1.365708,1.467893,1.007223,1.151185,1.247625,1.387623,1.395954,1.057535,1.454955,1.307948,1.166313,1.144126,1.284823,1.303667,0.9975579,0.8657743,1.121976,1.182801,1.205725,0.9698319,1.141639,1.280576,1.16627,1.223511,1.315576,1.398742,1.204645,1.234482,1.118581,1.171541,1.472235,1.098203,1.226087,1.402376,1.431873,1.229058,0.9608272,0.9973397,1.027908,1.220702,1.332001,1.250198,1.005466,0.9452744,0.9344761,0.9548643,1.11056,1.087125,0.9899989,0.9067799,0.9323292,1.213979,1.007305,1.228015
2.975512,3.604793,4.438895,5.369044,6.158855,6.973045,7.854127,8.189914,7.098797,3.608358,4.083674,4.618254,5.54369,6.336851,7.068665,7.736788,7.704439,4.313918,4.065221,4.866757,5.628484,6.324697,6.913497,7.596301,3.753442,4.138319,4.843216,5.530752,6.29982,6.761551,3.29333,3.739964,4.365017,4.793906,5.307276,6.04235,3.912627,4.155266,4.533616,5.176667,6.030215,6.61632,6.630874,5.472278,4.124107,3.785038,3.655515,4.041344,4.499389,5.959972,5.978103,4.73613,3.127281,3.064193,3.11383,3.642095,4.392993,5.027448,4.275657,2.655063,2.584562,2.878146,3.395022,3.889985,3.847282,2.568403,2.586792,2.760633,3.053766,3.169301,2.751678,3.200964,3.20162,2.817998,2.254403,2.064878,2.042216,2.17561,3.081876,5,4.449329,3.684451,2.876583,2.281349,2.029698,1.984003,2.149062,6.634085,5.493083,4.140433,3.024057,2.585372,2.322625,3.058589,8.214679,6.210535,4.222053,3.401725,3.164412,8.806956,6.305592,4.922134,4.343108,4.179877,10.27413,9.695399,7.59624,6.328382,6.272913,4.748443,3.259244,2.575373,2.789242,4.859567,10.59725,10.65962,9.334677,8.442809,7.093296,4.793015,2.97831,2.895378,4.545525,11.44701,12.94168,14.11957,10.83293,7.051337,3.904851,2.86115,3.76189,12.94664,16.69064,15.99746,9.486088,5.207947,2.973524,2.947695,15.70752,11.12535,6.421955,3.646631,2.437424,11.62486,7.107316,3.788929,2.495008,2.814075,3.945063,5.126151,6.611891,7.263918,7.576892,3.758879,2.773366,3.048217,4.148284,5.345809,7.015771,8.082373,2.869955,2.970192,4.119503,5.3724,6.755539,7.666152,2.854738,2.894247,3.572193,4.551764,5.877463,6.903211,2.656636,3.270639,4.033688,4.891889,6.008358,5.656367
2.721871,2.678743,2.667335,2.72747,2.70934,2.56859,2.441464,2.316627,2.136383,1.842596,2.168116,2.558685,2.614675,2.563866,2.401768,2.278718,2.207218,1.565206,2.217856,2.518958,2.552596,2.479383,2.37945,2.202112,2.117269,2.38822,2.507277,2.485135,2.419419,2.256511,2.282915,2.272808,2.386976,2.456854,2.468753,2.366307,2.175602,2.381978,2.429235,2.355664,2.21017,2.136675,2.189042,2.141157,1.862961,2.367023,2.459903,2.268737,2.198977,2.089744,1.970916,1.720783,1.59824,2.337654,2.148739,1.978409,1.80275,1.607054,1.247129,1.189396,1.955512,1.743583,1.504774,1.323154,1.098012,0.9797235,1.707888,1.40071,1.250974,1.091941,1.004033,1.348838,1.298314,1.374278,1.356344,1.422786,1.452578,1.586389,1.585869,1.81354,1.852534,2.360805,2.395405,2.291083,2.227601,1.975004,1.619705,2.756883,3.797215,4.27435,3.514656,3.077656,2.685822,2.953816,4.875677,6.137526,4.997931,4.007406,3.510838,6.204454,5.534486,4.45682,4.103812,3.716605,4.649332,4.871378,4.414849,4.291655,4.16766,3.488113,2.536798,1.881302,1.561183,1.983762,4.05458,4.186564,4.306157,4.405076,3.863042,2.814655,1.870839,1.308131,1.457979,3.937378,4.387115,4.737631,4.382178,3.087247,1.911864,1.228989,1.047798,4.008168,4.58068,4.461402,3.472355,2.085049,1.242809,0.9160983,3.839759,3.17713,2.274384,1.310773,0.9765584,2.570624,1.983036,1.397871,1.094206,1.071844,1.173657,1.541487,2.172581,2.309056,2.034013,1.587197,1.376912,1.518294,1.655048,1.99553,2.313568,2.410332,1.712505,1.929783,2.297517,2.494916,2.525861,2.481377,2.215786,2.447611,2.690756,2.723269,2.634495,2.57444,2.867677,2.892854,2.851517,2.757819,2.689281,2.113729
3.123595,3.525604,4.783479,5.451889,5.848911,6.426594,6.816694,7.815742,9.782824,3.600014,4.434247,5.133799,5.492213,6.150024,6.406752,6.838987,8.237791,3.967989,4.639019,5.251938,5.547277,5.846732,6.272972,6.611315,4.28526,4.590743,4.955535,5.14242,5.592506,5.905303,3.909821,4.182238,4.260538,4.692822,4.9189,5.35324,3.78507,3.632822,4.147459,4.717678,5.396866,6.154746,7.410932,8.809453,10.53082,3.394154,3.74721,4.077832,4.558384,5.227403,6.292814,6.868096,7.415959,3.421862,3.514652,3.749719,4.176283,4.536355,4.62312,4.090013,3.447921,3.307476,3.280306,3.314823,3.006195,2.522845,3.641675,4.123539,3.400775,2.913233,2.375562,5.530906,4.893834,3.965658,2.649297,3.038834,4.950828,7.415183,9.288805,11.9062,9.388377,9.581259,5.613273,3.385806,4.469806,6.237514,7.351479,14.17561,15.60867,12.00545,7.505687,4.599668,5.497853,5.752948,20.61604,20.81782,13.97814,6.450742,5.243937,27.7076,20.86437,10.20869,5.645342,5.227725,24.10017,22.89296,15.18405,7.775017,5.438201,5.309993,5.825914,6.446586,7.909014,10.12605,22.44809,18.48133,14.21582,7.785527,5.500601,5.187863,5.686393,6.483741,8.628266,23.47007,24.32325,20.18518,9.170886,5.288977,4.590306,5.164533,6.474815,34.21244,28.27544,18.46756,9.163658,4.363143,3.895389,4.385503,21.46374,12.24811,6.4961,3.395091,3.111844,15.65023,8.404161,3.854282,2.559649,3.742008,5.589405,7.654471,8.928912,9.382277,10.42071,4.522518,2.543693,3.073918,4.854671,6.540122,7.308411,7.641314,2.648985,2.96739,4.087242,5.65459,6.374963,6.75833,2.942408,2.764615,3.579038,4.698272,5.794484,6.241053,2.867777,3.253181,3.968454,5.144505,5.552807,10.90332
1.762752,1.634936,1.600453,1.69743,1.905733,1.916603,2.123656,2.495279,2.535395,1.341078,1.338466,1.528871,1.68217,1.830419,1.954826,2.117572,2.237481,1.258095,1.235037,1.498917,1.670072,1.800735,1.935334,2.15257,1.094463,1.280611,1.490163,1.640911,1.765801,1.988786,1.120731,1.158205,1.29446,1.503174,1.687492,1.869013,1.267002,1.301239,1.547164,1.741532,1.839326,1.608993,1.358815,1.425041,1.582307,1.847048,1.590663,1.646443,1.600851,1.41755,1.252789,1.21314,1.202428,1.555411,1.541862,1.472626,1.300994,1.161878,1.126451,1.156787,1.504502,1.38037,1.249561,1.176279,1.122823,1.160491,1.444371,1.30328,1.246381,1.173528,1.171237,1.423882,1.379605,1.33231,1.234132,1.23905,1.24313,1.399624,1.954624,2.001367,1.49095,1.582952,1.474758,1.494417,1.613711,1.888446,1.988094,2.385164,2.197485,2.328008,2.085058,2.246241,2.588519,5.006626,2.953158,3.238192,3.029441,3.479038,4.063863,3.525128,4.692535,5.257731,5.290527,5.810472,3.678677,4.294263,5.099755,5.729821,6.210639,5.865615,3.944247,2.315479,1.79618,1.973706,3.653165,4.641909,5.522762,6.049173,5.673078,4.169532,1.868287,1.296699,1.389205,4.224236,4.925331,6.086194,5.865542,3.378115,1.654696,1.227212,1.164187,4.656311,5.961809,5.577838,3.697778,1.502835,1.439628,1.135941,4.612211,3.051543,1.889728,1.44204,1.166445,3.170236,1.879987,1.400162,1.254717,1.158206,1.181638,1.245148,1.520843,2.529335,2.31952,1.614227,1.320714,1.221779,1.237131,1.294218,1.602926,2.304949,1.519528,1.365238,1.369341,1.523913,1.526804,2.092188,1.734492,1.592945,1.561626,1.635534,1.699082,1.908267,1.855948,1.763881,1.74871,1.765717,1.807757,2.38565
1.17994,1.126637,1.021288,1.292156,1.346953,1.441534,1.428084,1.376947,1.307259,1.187166,1.165212,1.138274,1.322876,1.368614,1.377669,1.330357,1.279107,1.053739,1.16405,1.269616,1.328906,1.330835,1.331196,1.29816,1.125154,1.185069,1.208666,1.278329,1.289681,1.294443,1.134748,1.052886,1.086783,1.198588,1.270993,1.279107,0.9809788,1.10786,1.193377,1.221724,1.257627,1.264576,1.267311,1.250162,1.188871,1.154975,1.147798,1.077242,1.067848,1.206812,1.205881,1.069747,1.113311,1.235881,1.206396,1.223547,1.106171,1.22709,1.123454,1.129087,1.216655,1.229171,1.325713,1.258548,1.126391,1.086091,1.280839,1.341612,1.368559,1.23109,1.158027,1.548061,1.455533,1.244403,1.088203,1.011859,1.008449,1.079941,1.19715,1.700785,1.71714,1.528171,1.281735,1.115132,1.033466,1.059981,1.13104,1.930921,1.822845,1.590804,1.353751,1.2255,1.05433,1.168532,2.130588,1.982867,1.745478,1.348844,1.216119,2.504077,2.309926,1.764235,1.485466,1.265758,2.399841,2.682585,2.237698,1.59948,1.376431,1.167934,1.130227,1.140882,1.203511,1.29555,2.224673,2.144742,1.855015,1.483024,1.197832,1.133377,1.138559,1.213114,1.321818,1.777534,1.886682,1.569991,1.268038,1.09924,1.091509,1.15047,1.318003,1.581796,1.507505,1.185703,1.068794,1.035187,1.109724,1.199966,1.221228,1.108294,1.052717,1.047872,1.158496,1.2079,1.14276,1.163394,1.212156,1.25095,1.316893,1.443012,1.3843,1.35283,1.169963,1.234299,1.241846,1.300867,1.332695,1.413273,1.521528,1.412087,1.258579,1.280313,1.219507,1.288413,1.4232,1.38385,1.168946,1.197489,1.191991,1.053237,1.309961,1.447118,1.160026,1.166468,1.043059,1.23148,1.366707,1.288225
1.23736,1.057969,1.097104,1.0985,1.164625,1.259111,1.282812,1.299629,1.313484,1.206139,1.135224,1.121057,1.14333,1.226532,1.287127,1.297717,1.349868,1.035169,0.9807881,1.093266,1.211342,1.275828,1.291303,1.31016,0.8873987,1.049261,1.207015,1.243999,1.31277,1.296661,0.9899925,1.00738,1.106604,1.262108,1.26434,1.312781,1.087105,1.202538,1.220546,1.279975,1.229088,1.265626,1.241591,1.261973,1.338495,1.202423,1.237537,1.147189,1.120829,1.208537,1.232945,1.270785,1.310347,1.22184,0.8716973,1.055203,1.12581,1.187924,1.291869,1.340349,1.160836,1.140799,1.081115,1.136322,1.238543,1.343004,0.7097784,1.150037,1.131406,1.174903,1.263446,1.193415,1.16604,1.176073,1.198687,1.310467,1.333707,1.379548,1.436608,1.272467,1.266314,1.159875,1.103762,1.131596,1.242496,1.352631,1.435196,1.298908,1.262171,1.162729,1.097054,1.16361,1.206748,1.132537,1.333906,1.337479,1.294535,1.20679,1.187329,1.367014,1.526669,1.51508,1.34724,1.107039,1.406398,1.484388,1.578647,1.463239,1.132959,0.9873661,1.074072,1.277505,1.383199,1.369484,1.384023,1.434704,1.363442,1.097141,0.965462,0.9921238,1.124611,1.308928,1.363476,1.357983,1.338377,1.133042,0.9054072,0.902613,1.050704,1.238075,1.323218,1.264935,1.215228,1.01734,0.9284583,1.015768,1.188948,1.343118,1.078399,0.9756736,0.9980218,1.170672,1.225942,0.9871057,0.9450423,1.075229,1.272653,1.386104,1.353478,1.258553,1.27677,1.303084,0.9272528,1.008841,1.176744,1.287062,1.327201,1.244891,1.254862,1.270065,1.174215,1.135613,1.189935,1.202694,1.188275,1.251573,1.237305,1.208025,1.188996,1.110938,1.139698,1.208104,1.262202,1.161122,1.069142,1.130342,1.17637,1.384051
1.31883,1.427404,1.541542,1.627121,1.6495,1.658456,1.68893,1.636912,1.537396,1.35148,1.525895,1.553326,1.627189,1.652822,1.672337,1.651475,1.60595,1.418006,1.525,1.56842,1.603926,1.653804,1.634524,1.549297,1.464646,1.528751,1.57011,1.553374,1.568735,1.540176,1.400356,1.455464,1.489594,1.4989,1.537334,1.54979,1.411968,1.43973,1.573104,1.444421,1.47448,1.477473,1.464012,1.423681,1.400971,1.354657,1.371917,1.456578,1.3758,1.406016,1.391983,1.456655,1.390542,1.354141,1.375816,1.380619,1.357492,1.306834,1.227268,1.150329,1.382599,1.388328,1.381374,1.382337,1.274556,1.139585,1.431234,1.400469,1.414013,1.390942,1.247512,1.655429,1.447344,1.377551,1.224764,1.144777,1.239875,1.282522,1.352724,1.587147,1.554379,1.473664,1.419923,1.372571,1.304387,1.313774,1.357908,1.66532,1.587216,1.603967,1.553524,1.582191,1.449333,1.446615,1.779039,1.826588,1.895337,1.788855,1.64733,2.053981,2.062336,1.884648,1.763103,1.638031,2.108989,2.160398,1.910596,1.702748,1.534474,1.41611,1.299046,1.310186,1.347337,1.49575,2.041995,1.899415,1.697642,1.519389,1.372862,1.280642,1.25048,1.299637,1.415136,1.916725,1.8241,1.618033,1.44176,1.26216,1.222432,1.312884,1.453836,1.835717,1.777751,1.610341,1.347483,1.225809,1.299211,1.460799,1.625234,1.424376,1.28484,1.242991,1.419623,1.503136,1.368269,1.248153,1.408479,1.548958,1.586374,1.569273,1.647409,1.628263,1.439511,1.225473,1.199301,1.425988,1.641377,1.690141,1.712751,1.682961,1.176312,1.265177,1.574682,1.716094,1.719329,1.720416,1.168506,1.227013,1.358862,1.596581,1.723357,1.722089,1.222436,1.344383,1.457626,1.618389,1.694095,1.541191
1.360292,0.2203223,0.4697371,0.5549041,1.256278,1.916653,1.486999,1.104305,0.7782364,0.4267237,0.5080059,0.7000961,1.391352,0.8195183,2.510543,1.362012,0.9383948,0.3867559,0.6012605,0.5499253,0.4888739,0.4956667,3.448651,4.428013,0.6522076,0.8823659,0.8840491,1.220575,3.860671,3.264261,0.701235,0.9817502,1.033059,0.7765444,0.5872195,1.827881,0.6868246,0.8251912,0.4683256,1.356159,1.343937,2.022125,1.649262,0.8097817,0.6724491,1.23229,0.545206,0.9772176,2.516545,2.116548,2.302783,0.8162028,0.7792407,2.382713,1.969192,1.18779,0.413974,2.49952,2.545927,1.081405,0.621735,1.023241,0.1794788,0.3703899,1.584892,1.155309,1.212831,0.6550508,0.2605248,0.2703244,1.807545,0.2491263,0.3839915,0.4291217,2.788499,1.362844,0.8223778,0.6956308,0.6096852,0.481555,0.5185497,1.44608,4.517881,2.567753,1.186851,0.9583984,0.6747713,0.6055791,1.322447,3.675203,4.453273,3.249675,1.964075,1.273578,1.779707,2.922341,5.991875,4.072154,2.974168,2.475102,9.181146,4.703583,3.081964,2.530832,3.038294,4.848239,6.225073,4.14871,2.944325,1.80355,0.9210623,0.7102645,0.5181148,0.5156124,4.72654,5.14181,3.748267,5.658454,2.683848,1.371911,0.6780691,0.5177593,0.5227313,2.596552,11.4055,9.177137,8.68069,3.08869,1.12832,0.5878365,0.4874079,5.745268,10.57335,8.393468,7.478064,3.771827,1.380531,0.9138275,5.016276,3.777798,1.704155,3.303474,1.87786,2.199802,3.290679,0.3619474,1.199576,1.448861,1.118786,0.8214181,0.6761827,0.7634841,2.666103,2.864799,1.581925,1.594077,2.783886,2.089125,1.181252,1.013991,0.8803153,1.009039,1.44259,3.227617,3.760886,1.455304,1.253107,0.7716647,1.814243,0.9508473,1.656633,2.940156,0.3153238,1.999644,0.4817413,0.7961291,2.09562,0.6539784
1.585574,1.77908,1.865467,1.925055,1.937576,1.919142,1.925923,1.940273,1.969906,1.726649,1.695977,1.807847,1.850904,1.881277,1.86817,1.904873,1.905111,1.524493,1.637727,1.743247,1.80891,1.857237,1.853518,1.913137,1.496149,1.609311,1.723835,1.774283,1.834805,1.873505,1.391273,1.47447,1.567976,1.669713,1.754789,1.811164,1.441065,1.540127,1.614024,1.701461,1.820809,1.929344,1.980089,1.96057,1.884603,1.522812,1.584166,1.64564,1.738763,1.838006,1.983726,1.988074,1.84073,1.605222,1.627115,1.656064,1.742387,1.881377,1.959528,1.821008,1.682876,1.636752,1.637429,1.726725,1.880204,1.798596,1.669104,1.609891,1.609671,1.758864,1.87849,1.59179,1.656087,1.862805,1.80285,1.560405,1.613325,1.722014,1.887524,1.752031,1.674119,1.925815,1.912241,1.578982,1.431816,1.574955,1.750608,2.03708,2.211376,2.145494,1.826862,1.516583,1.548691,1.727277,2.576958,2.666356,2.236878,1.80768,1.60854,2.986941,2.707623,1.979023,1.840477,1.734803,2.980594,2.868857,2.426234,2.0872,1.893654,1.779573,1.693669,1.630984,1.696986,1.943116,2.888627,2.676185,2.361453,2.255881,1.999354,1.811218,1.606018,1.546944,1.788928,2.76418,2.69161,2.51063,2.322658,2.001608,1.698536,1.528078,1.593142,2.610516,2.492105,2.302886,2.115204,1.878798,1.59059,1.504114,2.11534,2.011562,1.859486,1.640868,1.492184,1.93626,1.816581,1.685641,1.550498,1.578666,1.71739,1.880648,2.024309,1.968179,1.920519,1.729885,1.585483,1.576103,1.728513,1.984275,2.068112,2.006258,1.555251,1.538079,1.682934,1.894673,2.066139,1.983504,1.591868,1.592199,1.701302,1.78525,1.962101,2.007468,1.574132,1.670158,1.819591,1.970783,1.994224,1.955388
1.162765,1.179729,0.9020529,0.823383,1.055218,1.270168,1.213356,1.175564,1.083612,1.102742,0.5809675,0.6512868,0.9356245,1.191328,1.238909,1.278062,1.206239,1.118341,0.4717219,0.6263347,0.9767761,1.243131,1.286134,1.230716,0.4361715,0.4820732,0.6354291,0.8085517,1.142152,1.241394,0.7218906,0.4756816,0.530108,0.6429746,0.8319111,1.012778,0.5732397,0.5972088,0.8391618,1.212258,1.21287,1.346419,1.118767,1.212366,1.135306,0.6918167,1.075581,1.326291,1.225266,0.5851319,1.295221,1.106174,1.11086,1.380471,1.316033,1.237537,1.201004,1.195574,0.3635062,1.125968,1.161602,1.16954,1.122058,0.9458899,1.086726,1.027859,1.098777,1.125068,1.22691,1.026641,0.9938799,1.158625,1.049686,0.9653003,0.9313438,1.013676,1.073521,1.000256,1.120553,1.295385,1.246354,1.181317,0.9037634,0.9863386,1.068776,1.041007,1.081439,1.360627,1.26098,1.111021,1.062915,1.081184,1.131428,1.15787,1.39763,1.299927,1.184198,1.173573,1.225286,1.406823,1.225849,1.210817,1.374512,1.353934,1.450799,1.318977,1.252375,1.235737,1.371431,1.385794,1.266994,1.180897,1.092121,1.133837,1.508279,1.37838,1.234037,1.297727,1.360636,1.418055,1.303259,1.204261,0.8905374,1.399527,1.353649,1.348113,1.438904,1.48736,1.273908,1.116802,1.104149,1.494946,1.499682,1.625286,1.666099,1.382606,1.149746,1.116114,1.564576,1.69734,1.357266,1.10105,1.07927,1.698392,1.602876,1.418327,1.160472,1.061935,1.100792,1.093568,1.129694,1.142646,1.635807,1.573908,1.288331,1.189017,1.07628,1.011464,1.107643,1.102842,1.362456,1.269555,1.13498,0.9817902,1.078869,1.167664,1.26928,1.201263,1.166796,1.241714,1.041285,1.226192,1.188785,1.27692,0.9969388,1.033717,0.7678302,1.105161
1.911824,1.918275,1.938871,2.111721,2.153582,2.133954,2.075527,2.085792,2.220987,1.769485,1.814548,1.992869,2.068938,2.111189,2.119794,2.079361,2.190649,1.597164,1.800968,1.986037,2.108385,2.124525,2.157556,2.268533,1.661615,1.837608,1.985935,2.076353,2.165458,2.241095,1.637692,1.693919,1.795574,1.895917,2.023773,2.117681,1.503252,1.693714,1.949452,2.0882,2.281393,2.45025,2.461908,2.339207,1.999001,2.138346,1.82702,1.944409,2.135706,2.309815,2.435229,2.204182,1.5424,1.927542,1.901573,1.98784,2.160116,2.229277,1.596669,1.15445,1.828023,1.87095,1.958841,1.977897,1.501005,0.9276821,1.90812,1.944701,1.980952,1.67619,1.11648,2.022623,2.101724,1.370145,0.9941624,0.9212955,0.9532468,1.082618,1.615187,2.514662,2.350286,1.930822,1.670099,1.279656,1.169952,1.077384,1.285072,2.743202,2.530919,2.52592,2.125839,1.612967,1.50082,1.844093,3.034305,3.423056,3.116935,2.44885,1.988705,3.752808,3.941795,3.373773,2.73157,2.429265,3.655082,4.259973,3.959291,3.46067,2.878692,2.262631,1.746381,1.448149,1.525839,2.194614,3.752748,3.870716,3.676029,3.171386,2.6081,2.099289,1.622264,1.531155,2.065461,3.495723,3.440223,3.173524,2.786168,2.257402,1.798666,1.549488,1.73098,3.034122,2.981132,2.635576,2.41247,2.010108,1.560241,1.555092,2.367514,2.210332,1.830872,1.592126,1.449152,2.153621,1.803726,1.540925,1.401241,1.516467,1.682225,2.132367,2.321987,2.239395,2.002191,1.754246,1.598444,1.624918,1.909835,2.116778,2.205333,2.130657,1.659242,1.608567,1.973283,2.124958,2.228021,2.150749,1.688189,1.679662,1.76489,2.001151,2.197178,2.215785,1.736215,1.783018,1.893874,2.093693,2.185228,2.19467
1.618509,1.601077,1.677254,1.896892,2.082484,2.159023,2.199551,2.164997,2.219593,1.295017,1.496788,1.707986,1.968168,2.116709,2.151367,2.205503,2.245928,0.9280118,1.461228,1.791423,1.949794,2.126339,2.137139,2.196089,1.317354,1.61971,1.839507,1.983786,2.127201,2.195079,1.665369,1.466443,1.565268,1.818459,1.960296,2.130211,1.681677,1.494878,1.827352,2.082171,2.221796,2.310705,2.349256,2.347926,2.160086,1.87161,1.645015,1.865652,2.04159,2.206255,2.300373,2.40149,2.367333,1.656328,1.792886,1.843765,1.941251,2.152429,2.257142,2.405055,1.713115,1.620555,1.716933,1.901923,2.144028,2.367614,1.694948,1.725842,1.893402,2.068216,2.398821,1.884902,2.056102,2.504129,2.787155,2.851133,2.568377,2.135563,2.011315,2.023806,2.143731,2.537491,2.982828,3.074893,2.742455,2.258342,1.905102,2.350221,2.614566,2.922394,3.040909,2.827762,2.287576,2.021583,2.76366,3.159988,3.038968,2.82982,2.419772,3.160442,3.255254,2.860564,2.529517,2.158306,3.579729,3.473221,3.159585,2.577998,2.254273,2.001416,1.875086,1.838027,1.910329,2.146379,3.479185,3.233388,2.919182,2.508417,2.135335,1.95126,1.871193,1.904147,2.087409,3.422065,3.154687,2.835388,2.412243,2.154313,1.992681,1.902336,2.016505,3.110173,3.050442,2.611317,2.338952,2.138643,1.987572,1.956362,2.996824,2.708808,2.414267,2.202829,2.026001,3.074676,2.785434,2.39987,2.04582,1.99218,2.03357,2.132318,2.262923,2.242843,2.942319,2.464021,2.118697,1.85843,1.986153,2.108916,2.282866,2.273971,2.297472,1.666879,1.618966,1.922779,2.114012,2.260097,1.890777,1.679834,1.584123,1.66197,1.974114,2.116139,1.741096,1.598873,1.574755,1.787765,1.98878,2.160612
1.935853,2.403677,2.705604,3.823873,2.58237,2.8436,2.967756,2.532971,2.277306,2.068186,2.32997,2.22079,2.355405,2.888525,2.724783,2.904021,3.025348,1.560326,2.232972,2.227079,2.462262,2.967546,2.951076,2.716415,1.807421,1.90757,2.228148,2.50917,2.684184,2.907503,1.811902,1.440811,1.366664,1.913105,2.336998,2.688313,1.008358,1.431679,1.981277,2.507543,2.712158,2.595433,2.496227,2.478216,2.198743,1.924888,2.607941,2.112401,2.486912,2.379069,2.352507,2.280602,2.126957,2.377662,2.329619,2.049322,2.14681,2.182936,2.151531,1.896421,1.903465,1.950875,1.735187,2.076673,1.604861,1.747449,1.756496,1.628567,1.593651,1.670935,1.516343,1.493261,1.667748,1.58613,1.72269,2.088503,1.79129,1.878396,1.909846,1.430764,1.579102,2.155071,2.173918,2.254679,1.853157,1.808622,1.590554,2.12312,3.550318,4.841299,4.358038,3.122174,2.283514,3.02193,4.365073,7.706246,8.429583,6.225876,4.498574,8.441553,12.0379,11.85263,7.841906,4.316337,7.424123,8.84881,11.1847,9.023353,7.722347,4.360499,2.342546,1.547762,1.488976,2.04073,4.841204,7.332126,9.6967,7.917876,6.746245,3.742185,1.659656,1.537518,1.617346,5.837506,7.102832,9.384153,8.74062,5.459944,2.333287,1.537582,1.463663,4.359881,7.301719,8.825871,6.630801,3.408572,1.786764,1.48945,5.356352,4.545076,2.945398,1.655355,1.575301,2.728778,2.139836,1.495127,1.297443,1.580889,1.731598,1.696638,2.337709,2.571712,1.702113,1.254339,1.24455,1.407486,1.786806,1.979189,2.308362,2.320014,1.36652,1.573805,1.729931,2.109271,2.484449,2.952782,1.512235,1.636339,1.67533,1.930138,2.467796,2.74542,1.691347,1.923685,1.96031,2.661242,2.711065,2.576004
1.868955,1.56497,1.536088,1.975388,2.437589,2.63877,2.811356,2.902372,2.795993,0.8816352,2.174591,1.675317,2.246085,2.554976,2.76985,2.82664,2.927103,1.020945,2.07909,2.001627,2.329993,2.594737,2.674766,2.696132,1.65407,1.766896,2.128435,2.284061,2.567509,2.592829,1.883144,1.88594,1.820053,2.115391,2.37191,2.541973,1.499542,2.100796,2.229575,2.160402,2.474832,2.521424,2.607885,2.314236,2.026735,2.103213,2.73999,2.07215,1.997268,1.77406,1.513642,1.249029,1.253614,3.406347,1.89345,1.646037,1.489531,1.219826,0.9937188,1.020975,1.726108,1.427505,1.371562,1.318277,1.075393,1.099409,1.379264,1.322316,1.407766,1.393445,1.278414,1.550061,1.751385,1.794103,1.611501,1.330734,1.175537,1.289196,1.703094,1.89961,2.198735,2.642528,2.329667,1.844635,1.505789,1.306796,1.465977,2.771115,3.333138,3.390835,2.708844,2.043927,1.660035,1.874773,3.618725,3.912731,3.456845,2.814239,1.996519,3.703344,3.506989,3.057017,2.565161,2.502892,3.056666,3.303438,3.106408,3.013949,2.799498,2.468758,1.924192,1.530819,1.441943,2.034696,2.831833,3.058375,3.082737,3.012275,2.858559,2.344665,1.732915,1.426817,1.53348,2.881603,3.208545,3.184245,3.118396,2.715121,2.07926,1.584283,1.353284,3.040497,3.394377,3.399338,3.168448,2.488993,1.735534,1.369012,3.267193,3.152625,2.549301,1.886615,1.48306,2.68989,2.092829,1.802045,1.522108,1.433259,1.526881,1.722748,2.383396,2.756884,1.939919,1.604878,1.529458,1.5566,1.703252,2.101158,2.646973,2.868463,1.481714,1.562499,1.753358,2.075217,2.450274,2.730142,1.579182,1.597832,1.693158,1.884899,2.200408,2.530024,1.673339,1.827982,1.824901,1.841089,2.236038,2.359433
4.69869,4.415149,4.656319,4.718662,4.887278,6.097838,6.07296,5.770333,5.753563,4.404414,3.298587,4.138883,4.728502,5.609068,5.770803,5.882674,5.323459,2.811414,2.527025,3.46063,4.84253,5.426335,5.419793,5.291906,1.908576,2.68713,3.4085,4.421796,5.089817,4.833601,2.077024,2.234351,2.776304,6.300062,4.419825,4.237703,1.749143,2.36261,2.937445,3.825184,4.579003,5.197573,5.613525,5.330079,5.709916,2.017044,3.141011,3.40115,3.570477,4.112216,4.954082,5.240477,5.807495,3.883999,3.667686,3.393887,3.728101,3.893757,4.48601,5.328454,3.619421,3.454467,3.167578,3.509063,3.71034,5.11555,3.60586,5.707927,4.361253,3.673008,4.79325,4.883658,4.109176,5.426946,6.553399,6.591933,6.576342,6.558987,6.010916,6.49094,5.125588,7.404544,8.555045,8.925701,9.383393,8.680449,7.723085,8.454539,8.446459,10.66256,10.98032,11.09827,11.23034,12.74503,7.654061,11.38463,12.38343,13.29993,13.6344,7.92264,10.19804,11.88926,14.67331,14.56221,4.823692,6.858033,7.727944,11.36766,13.12771,12.84131,9.980083,8.054823,6.692842,6.724293,4.302739,6.648731,7.840446,10.35102,11.91713,9.380667,6.811264,5.920656,5.652189,5.76628,5.83101,10.26128,17.30805,14.62436,8.544962,6.16243,5.749087,3.803679,9.768546,16.69552,23.33802,14.94894,7.863394,5.308483,8.659529,18.83199,16.47014,10.44895,6.432546,9.470756,10.11141,7.214314,5.66579,4.909626,5.612704,6.399089,6.012342,6.007952,5.882958,4.549583,5.249689,4.613578,5.565025,6.198112,6.506323,6.042833,4.29858,4.175978,5.043634,5.761692,6.362422,6.015147,3.812474,4.117837,4.772851,5.491369,5.287456,5.960962,4.076708,4.839299,4.673556,4.819749,6.37981,6.299274
2.404561,2.257319,1.974794,1.910183,1.440778,1.360858,1.321642,1.287957,1.309372,1.803687,2.245216,1.732927,1.466093,1.38541,1.282691,1.242676,1.264045,1.844737,1.955599,1.576625,1.348324,1.28424,1.217435,1.222519,2.094502,1.770529,1.481138,1.338913,1.286963,1.230499,2.120593,1.958522,1.735199,1.477537,1.373854,1.302764,1.918719,1.829068,1.560214,1.403847,1.302611,1.339921,1.371102,1.449543,1.685889,2.238771,1.861887,1.613074,1.514475,1.509909,1.601913,1.705527,2.044561,2.079311,1.838009,1.707373,1.552468,1.60909,1.534642,1.518121,2.130739,1.833705,1.739602,1.591293,1.224266,0.9600434,2.161344,1.936598,1.36628,1.156207,0.9319782,1.19045,1.16124,0.9064803,0.8146693,0.9326323,1.673431,2.750991,1.919706,1.633063,1.05901,1.047087,0.8603802,0.8742367,1.240731,2.520986,3.107684,1.78997,1.385185,1.159723,1.155653,1.261054,2.02176,3.011778,1.671336,1.553993,1.645844,1.836575,2.11461,1.83408,2.236035,2.709872,3.060779,3.229007,2.541844,2.835303,3.456679,3.437829,3.400331,3.2018,2.864198,2.450066,2.356791,1.997959,3.184391,3.801054,3.919946,3.824495,3.373345,2.395423,1.612604,1.280692,1.4269,3.752901,4.009694,4.628769,4.409542,2.973424,1.494042,0.9494911,0.9308303,3.763451,4.129045,4.211032,3.593034,2.069151,0.9561064,0.8229524,3.652961,3.297902,2.537416,1.278891,0.9013621,3.079172,2.745597,1.942648,1.086623,0.8560092,0.8624133,1.038939,1.45752,1.525922,3.617565,2.345339,1.891345,1.236026,0.9738656,1.069284,1.320193,1.482773,2.252747,1.754822,1.383739,1.239118,1.401196,1.425844,2.581065,2.282623,1.863831,1.730359,1.762799,1.459356,2.518231,2.273765,2.071666,2.150734,1.783378,1.600051
3.449253,3.61881,3.601384,3.414166,2.998271,2.838698,2.73729,2.639812,2.565658,4.132329,3.815599,3.401323,3.018417,2.839375,2.828389,2.600221,2.505172,4.065077,3.762076,3.39821,3.030027,2.796766,2.671732,2.4954,3.875417,3.605507,3.268221,2.952189,2.741823,2.586251,3.990729,3.872012,3.403802,3.083599,2.791372,2.742064,3.777082,2.983319,2.918589,2.645079,2.484481,2.406886,2.270644,2.392267,3.228528,3.398614,2.996364,2.526088,2.387863,2.087145,2.001531,2.124321,3.518419,2.998152,2.425949,2.162329,2.014901,1.626372,1.682588,2.843446,2.61062,2.192151,1.997983,1.586365,1.377291,2.200056,2.80293,2.361183,1.555336,1.450443,1.745378,1.846546,1.761245,2.096861,3.065399,3.837044,4.920585,5.044698,4.741313,2.200805,2.278733,2.849397,3.373531,3.968364,5.000154,5.684171,5.477357,2.539096,3.087688,3.409564,3.662164,4.304992,5.150554,4.97211,3.481808,3.464224,3.579525,3.774543,4.264307,3.0091,3.275667,3.331235,3.992831,4.161651,4.73194,3.140875,3.169508,3.304278,3.884612,4.276223,5.031223,5.297062,4.695234,3.524556,3.212511,3.160837,2.9812,2.905393,3.313918,4.077104,4.872947,4.840582,3.903364,3.268246,3.182851,2.629138,2.756918,3.297608,3.944272,4.182622,3.884732,4.138442,2.757971,2.659458,2.752475,3.112965,3.452915,3.178782,2.771858,2.622974,2.405987,2.378565,2.383228,2.671732,2.240555,1.711184,1.77566,2.22645,2.792818,2.994777,2.884872,2.930814,2.391679,2.661028,1.670481,2.052702,2.494166,2.836845,2.855353,2.786006,2.212605,2.223805,2.535894,2.962938,2.961413,2.791814,3.362423,2.387899,2.528448,2.894725,2.99305,2.910027,2.965663,2.935637,3.190611,3.175342,3.13144,3.112999
1.889579,1.709172,1.495063,1.156646,2.29996,2.970532,3.218944,3.374562,3.352019,1.493056,1.282727,1.508862,2.253752,2.791123,2.954486,3.261061,3.398031,1.194815,1.356055,1.69706,2.857909,2.987298,2.999329,3.086654,1.462617,1.490646,2.272827,2.898636,2.873501,2.901909,1.475029,1.233983,1.559602,1.472713,2.238264,2.318405,1.274544,1.83412,1.473268,1.931174,2.524109,2.678302,3.073162,3.145875,2.893617,1.484302,1.751932,1.783699,1.863649,1.890121,2.684457,2.692878,2.566394,1.558824,1.503631,1.64826,1.582054,2.188922,2.389642,2.292684,1.471665,1.428057,1.429769,1.605026,2.217138,2.22688,1.449161,1.262781,1.3325,1.465434,1.938007,1.538537,1.424779,1.770302,2.052627,2.152961,2.124063,2.272972,2.520753,1.63727,1.968831,2.141662,2.27825,2.366734,2.181319,2.171128,2.205139,2.422245,2.849311,2.902701,2.800047,2.76249,2.468838,2.881277,2.989096,3.80931,3.478973,3.318182,3.125308,4.070514,4.831716,4.455692,4.263698,3.520176,3.553914,4.531778,5.226561,4.716582,4.354722,3.199937,2.462549,2.044031,2.137114,2.877078,3.93001,4.726556,5.124093,4.980615,3.482386,2.551757,1.944417,1.866962,2.547727,4.050395,4.754795,4.882149,4.038885,2.821078,2.127595,1.737537,2.014168,3.937448,4.516004,4.695651,3.713005,2.524125,1.93487,1.838444,5.551098,4.266598,2.976286,2.068744,1.666516,3.899288,3.054972,2.278591,1.91415,1.918041,2.249103,2.684811,2.987147,3.431412,2.467175,2.471342,1.349879,1.775512,2.392534,2.683416,2.943164,3.403884,1.484023,1.780803,1.809677,2.646315,2.519046,3.10262,1.666207,1.71554,1.648216,2.183886,2.563119,2.66603,1.293805,1.714102,1.517289,2.104603,2.38537,3.130016
1.191804,1.287005,1.317954,1.258144,1.355216,1.345794,1.304381,1.298988,1.30996,1.441519,1.499875,1.46392,1.373332,1.345535,1.313326,1.309557,1.312362,1.752414,1.583668,1.453539,1.35654,1.342915,1.32783,1.318514,1.705154,1.605979,1.424617,1.37273,1.326414,1.258687,1.805635,1.753184,1.39675,1.387095,1.333716,1.313209,1.485902,1.295477,1.211489,1.228202,1.323281,1.322894,1.341036,1.322413,1.306722,1.391585,1.307137,1.294597,1.271853,1.246121,1.353755,1.40048,1.299255,1.265354,1.295762,1.218582,1.359502,1.288336,1.452154,1.353208,1.278378,1.24702,1.198746,1.359565,1.421951,1.429572,1.215008,1.205311,1.214426,1.414032,1.408767,1.153101,1.274959,1.371149,1.260238,1.180295,1.124337,1.141609,1.281001,1.170142,1.176997,1.199099,1.106453,1.027233,1.018462,1.052737,1.108585,1.251846,1.218662,1.177042,1.059527,1.005621,1.013845,1.154103,1.400019,1.401167,1.246596,1.136326,1.132506,1.718274,1.684178,1.384803,1.317957,1.224645,1.797415,1.956422,1.830404,1.602301,1.429462,1.176299,0.9767491,0.9282591,1.049996,1.28926,1.873205,1.964391,1.902286,1.68389,1.382605,1.10869,0.9415337,0.9674784,1.243734,1.808531,1.928594,1.878199,1.617229,1.313309,1.082183,0.9887358,1.188619,1.719627,1.816186,1.677956,1.420991,1.224775,1.115605,1.196153,1.568745,1.343368,1.197049,1.167521,1.201474,1.316739,1.167659,1.152806,1.17291,1.230561,1.337432,1.362214,1.369109,1.303617,1.168838,1.115284,1.205777,1.156516,1.248847,1.334595,1.372876,1.338797,1.173855,1.30763,1.244166,1.246882,1.325207,1.327358,1.129692,1.202348,1.193034,1.181976,1.290474,1.334262,1.157674,1.192217,1.279055,1.208698,1.329438,1.309367
2.237659,2.281821,2.135623,1.97744,1.902862,1.784605,1.610256,1.448204,1.322842,2.252073,2.141169,2.047986,1.975036,1.848531,1.734815,1.570607,1.43096,2.123002,2.084672,1.998761,1.922557,1.833464,1.732402,1.583554,2.050977,2.029805,1.985897,1.894793,1.799757,1.731857,2.080832,2.061003,2.018797,1.998622,1.941281,1.871561,2.070602,2.079354,2.089036,2.028953,1.864339,1.655886,1.337162,1.299078,1.258239,2.11562,2.142843,2.106603,2.03375,1.797004,1.465235,1.250695,1.247044,2.102131,2.122838,2.08833,1.910818,1.647565,1.273719,1.229358,1.956891,1.955794,1.714751,1.458613,1.261836,1.212678,1.852814,1.691288,1.474638,1.298652,1.251633,1.533951,1.449558,1.386424,1.342811,1.377416,1.328455,1.365161,1.327494,1.73535,1.778513,1.876441,1.747142,1.633008,1.600424,1.591646,1.568958,2.328247,2.661919,2.723801,2.305145,2.060897,2.005339,2.360013,3.317408,4.412015,3.569706,2.598012,2.311921,3.548898,4.116114,3.137471,2.61698,2.556607,2.623222,3.147514,2.934861,2.778235,2.969328,2.815603,2.40593,1.936871,1.527448,1.332365,2.351714,2.559347,3.039109,3.63225,3.652086,3.030447,2.127017,1.665168,1.359521,2.361208,3.323662,5.171011,5.443797,4.216963,2.514094,1.759804,1.339281,2.598621,4.67136,6.477861,5.330232,3.092266,1.885126,1.301343,5.211761,5.694442,3.544511,2.087477,1.517557,3.538124,3.361269,1.855312,1.25455,1.183737,1.160938,1.225629,1.331852,1.29751,2.202699,1.627588,1.251514,1.13884,1.165657,1.196875,1.370252,1.440279,1.384121,1.360325,1.362155,1.392413,1.59476,1.649999,1.789995,1.673136,1.826609,1.877849,1.847919,1.865219,1.950865,2.246609,2.233546,1.994891,1.973502,1.286759
2.968419,3.005881,3.48094,3.889276,4.33225,4.537477,4.723866,5.101543,5.675026,2.764073,3.095047,3.728737,4.047179,4.249187,4.384024,4.561695,4.881531,3.038368,3.415586,3.729996,3.941752,4.110054,4.133404,4.320504,3.063487,3.296598,3.631556,3.637845,3.831616,3.819588,3.401356,2.96091,3.103018,3.314874,3.459439,3.488534,3.112977,2.989616,2.99644,3.192197,3.414154,3.877479,4.705071,5.518568,5.791604,2.557595,2.897792,2.944964,3.030926,3.391557,4.057261,5.254305,5.422205,2.948646,2.838483,2.8609,3.032681,3.542389,4.152455,5.164819,3.058681,2.811366,2.742429,2.954318,3.283795,3.954498,3.269525,2.858647,2.88647,3.071886,3.280463,3.629535,3.319573,3.25538,3.540677,4.106332,4.270547,4.580385,5.216269,4.422473,4.011773,3.653741,3.677867,3.685781,3.721627,3.947617,4.257913,5.847213,4.101769,3.933602,4.059659,3.674874,3.804125,4.403163,6.557103,4.685586,4.673701,4.199289,4.159717,9.528407,7.335349,4.738978,4.596773,5.016822,13.42813,12.70885,7.241843,4.993178,5.122893,4.549581,3.971799,3.934832,4.6271,5.930189,14.82905,10.87237,6.185317,4.623069,4.282269,3.831328,3.535418,3.855248,4.867224,13.91958,9.800281,5.500904,4.252281,3.671765,3.335515,3.393983,4.014934,11.26797,7.840494,5.408429,4.252922,3.327489,3.191795,3.261019,5.428631,4.300849,3.518305,3.03989,3.045974,4.706758,3.819554,3.161933,2.980278,3.13865,3.635396,4.862612,6.120289,6.098344,4.926388,3.573504,3.002093,3.198559,3.641432,4.559274,5.597807,5.702575,3.183259,3.074306,3.603169,4.214323,4.862179,4.999989,3.303845,3.099858,3.318843,3.734624,4.112775,4.55154,3.078197,3.05073,3.417471,3.824015,4.115803,6.005144
2.878382,2.855842,2.778093,2.58683,2.542199,2.44603,2.535968,2.686725,3.193559,3.200063,2.796937,2.560932,2.526121,2.453483,2.4308,2.49813,2.842848,2.96727,2.651143,2.599739,2.515435,2.460946,2.48644,2.706678,3.384178,2.658293,2.533264,2.546496,2.605954,2.696886,4.095636,2.632618,2.686879,2.624098,2.715755,2.755309,2.933017,2.765605,2.846693,2.811807,2.850364,2.84176,2.620196,2.574399,3.27393,3.207222,2.851463,2.875782,2.902436,2.599197,1.93722,1.643393,1.932287,2.839315,2.817098,2.669775,2.264869,1.792646,1.376809,1.34362,2.601123,2.431329,2.098645,1.651692,1.24832,1.193363,2.365121,2.072343,1.600853,1.178802,1.104132,1.691803,1.239298,1.120138,1.215372,1.413398,1.853044,2.840081,3.751118,2.265779,1.820557,1.54426,1.560221,1.777206,2.288467,3.003242,3.812419,2.794977,2.529388,2.285544,2.483166,3.010607,3.604546,4.559279,3.562515,3.746834,4.523676,4.402862,4.602197,5.824133,8.157564,7.092133,6.304426,5.045516,6.229936,9.599998,11.69675,8.256396,5.643416,4.807195,4.225989,3.72988,3.27144,3.35406,7.819472,10.74304,10.29691,7.275737,5.147366,4.266861,3.418212,2.74876,2.430691,6.745966,10.07781,8.286843,6.407927,4.726931,3.271817,2.346671,1.858472,6.22978,8.093957,6.995153,5.104451,3.52101,2.048842,1.573431,5.971457,4.539535,3.360847,2.348778,1.554284,3.703838,2.84102,1.837768,1.320066,1.345968,1.411706,1.774131,2.563697,3.197441,2.67473,1.957405,1.385252,1.23433,1.366444,1.701733,2.498128,2.784976,1.66494,1.68426,1.711724,1.920713,2.600182,2.65891,2.288122,2.118491,2.205388,2.385334,2.614176,2.570383,2.584465,2.781446,2.829495,2.676104,2.621024,3.773759
4.313462,4.681347,4.969848,4.9593,4.801858,4.60766,4.534983,4.452205,4.367076,4.586884,4.854963,4.834402,4.741724,4.654121,4.499207,4.434375,4.356369,4.607989,4.714514,4.723928,4.62446,4.511301,4.368186,4.305593,4.523256,4.63348,4.670261,4.529477,4.444383,4.318135,4.230627,4.478607,4.562568,4.605942,4.501043,4.37571,3.935403,4.570242,4.550969,4.375703,4.224696,4.206101,4.164158,3.967418,3.559134,4.286682,4.379584,4.187161,4.082042,3.827595,3.294746,3.194935,2.901914,4.040958,4.015249,3.901637,3.884955,3.101248,2.628564,2.239519,3.690661,3.468945,3.173891,2.708096,2.082121,2.014655,3.478746,2.88688,2.572063,2.285769,2.14899,2.59465,2.588178,2.990915,3.324724,2.690279,2.794647,2.603007,3.275496,3.216741,3.791726,4.694238,5.213335,5.060067,4.206417,2.957438,2.403979,4.530294,5.413978,7.965331,8.441102,7.337007,5.008521,4.190042,6.552723,8.958652,10.62901,9.899732,6.992634,8.756662,11.2919,10.04002,7.80833,5.119442,7.558642,9.842448,9.58876,6.448603,4.918474,4.643332,3.103093,2.341485,2.697538,3.813926,7.646419,7.827253,6.815271,5.397401,4.701784,4.208395,2.648885,2.379321,3.24078,7.717158,7.534705,6.100571,5.325258,4.595075,3.40618,2.550362,2.490162,7.885602,7.4112,6.204498,4.970617,3.910572,2.816023,2.260331,7.038802,5.647341,4.02601,2.994541,2.262902,5.695875,4.338955,2.879093,2.119473,2.15887,2.563908,3.643804,4.457047,4.370298,3.872204,2.401284,2.038425,2.219324,3.690295,4.483081,5.039393,4.641297,2.380939,2.940481,4.348084,5.058504,5.049892,4.977205,3.138005,3.555557,4.527596,5.148387,5.081,4.89359,3.758909,4.502669,4.728583,5.115194,5.111722,3.980973
1.819381,1.831819,2.347297,3.512733,4.129208,4.520797,4.922912,5.384654,5.846212,2.207149,2.289849,3.370362,2.970273,4.381331,4.673157,4.944125,5.435966,3.111221,3.718586,3.565438,4.182016,4.526441,4.70721,5.221911,4.113464,5.111213,4.194028,3.964416,4.48383,4.71407,4.222484,4.259686,4.950857,2.328058,3.338524,3.995847,4.038969,3.519141,2.665761,3.333164,2.829012,5.061989,5.819495,6.03828,6.250657,3.567938,2.849626,2.596306,2.579191,3.458646,5.290057,5.898834,6.205198,2.836239,2.413573,2.295721,2.416159,3.265091,5.245699,5.190148,2.613992,2.173439,2.084181,2.256457,3.068757,3.297843,2.624964,2.194981,2.072817,2.161744,2.419895,2.26615,2.163977,2.0678,2.406514,3.918447,4.861642,5.530895,5.94066,4.580846,3.339679,3.450058,3.10939,3.278036,4.572235,5.618338,6.213775,6.929973,6.084286,6.39457,5.340665,5.057494,6.069345,7.67163,9.75403,11.0648,12.67605,8.632084,8.461664,13.95459,16.60386,14.59903,11.11235,9.157606,4.542607,16.76697,16.83881,13.0765,10.99453,9.224668,7.550914,6.382333,6.220711,5.817666,21.85055,16.69532,14.59308,11.77115,9.504908,7.450423,6.304925,5.5797,5.425989,16.32054,16.45945,14.38956,10.61417,7.177206,4.652778,4.62583,4.511819,20.96596,17.14865,12.29199,7.424551,4.523783,2.591179,2.941061,11.77486,9.15663,4.758848,2.502531,2.050458,9.136658,4.628833,3.127496,2.419538,2.422537,4.060997,4.157503,5.623241,5.777776,6.342529,3.544477,2.156205,2.058138,3.404109,4.605555,4.94992,5.079018,2.084262,1.795454,2.181249,3.189757,4.263058,4.957471,2.301492,1.826568,1.720917,2.459973,3.636122,4.101563,1.933053,1.649227,1.910473,2.743443,3.981406,5.964437
1.990704,1.67448,1.755517,1.757013,1.879936,1.922733,1.918096,1.964028,2.313798,1.239654,1.250923,1.752292,1.782535,1.996616,2.024283,1.973967,2.092355,0.9990313,1.151622,1.53444,1.819631,1.972616,1.95511,1.946575,1.104714,1.353256,1.596578,1.803821,1.746772,1.650933,1.278055,1.270825,1.239755,1.412487,1.652773,1.636073,1.09248,1.156304,1.727426,1.550801,1.589429,1.995117,2.211712,2.360562,2.582713,1.400728,1.788948,1.861248,1.487638,1.826362,2.24544,2.256481,2.417157,2.156433,1.769602,1.456469,1.430182,1.972728,2.157711,2.271791,1.779173,1.683506,1.348671,1.746633,2.001828,2.134412,1.572385,1.647628,1.771658,1.891699,2.038943,1.389189,1.660845,1.925763,2.145571,2.229456,2.407255,2.554907,2.40616,1.330652,1.370739,1.708288,2.041084,2.236423,2.41261,2.652508,2.603612,1.407081,1.453501,1.85249,2.256536,2.544146,2.876645,3.737727,2.412904,1.927674,1.98275,2.797385,3.488896,4.146215,2.063795,2.254266,3.59065,4.365748,1.509601,1.520303,1.924611,3.220958,4.020267,3.761139,2.781705,2.545841,2.051781,1.746562,1.534808,1.305359,2.204226,2.918971,3.275285,2.603109,2.111875,1.825378,1.624937,1.545729,1.322425,2.108893,2.586273,2.436189,2.011572,1.764518,1.612318,0.2764508,1.541976,1.961569,2.179925,1.975602,1.767757,1.675787,1.679672,1.952141,1.956514,1.798616,1.695383,1.640246,1.858194,1.820177,1.745161,1.687419,1.638113,1.565047,1.364072,1.671192,1.679373,1.731887,1.809694,1.638609,1.723236,1.592542,1.469845,1.628566,1.63181,1.697145,1.505323,1.534062,1.487421,1.571496,1.646352,1.4979,1.350594,1.470438,1.475609,1.728404,1.672201,1.66841,1.536802,1.593928,1.733751,2.390358
1.438444,1.773712,1.934948,2.254079,2.833982,2.973997,3.077372,3.115195,3.112493,1.597162,1.492471,2.519416,2.584715,2.83736,2.918051,2.876567,2.966679,1.44464,1.646533,2.463684,2.642451,2.751269,2.705095,2.655792,1.4765,1.60058,2.030684,2.225569,2.455976,2.515049,1.318594,1.272081,1.211784,1.612712,1.878662,2.480167,1.035297,1.208224,1.600769,2.415761,1.884025,2.348764,2.418024,2.805122,2.853925,1.590708,1.632468,1.667499,1.791977,1.762101,2.201945,2.212753,2.670223,1.69361,1.7668,1.514757,1.595494,1.641617,2.272163,2.580926,1.792048,1.573159,1.489461,1.648878,2.063849,2.48195,1.756964,1.594565,1.572212,1.892256,2.379299,2.280084,2.105087,2.299691,2.531457,2.51754,2.484716,2.52473,2.98001,2.95681,2.407711,2.756169,2.922904,2.512577,2.373431,2.348842,2.779974,3.102095,3.830646,4.231435,3.186692,3.016308,2.532393,3.263529,4.452515,6.30652,5.561203,4.284419,3.445508,6.309215,6.97041,5.26802,5.072733,4.637754,4.39408,5.29032,5.82991,5.987394,6.158328,4.912734,3.431462,2.857135,2.895406,3.154497,4.197317,5.976345,6.332922,8.105725,6.407272,4.003163,2.866455,2.636762,3.061588,5.094251,6.903648,10.06069,8.057898,4.980859,2.870651,2.227574,2.508278,5.967619,8.446401,8.611616,5.901431,3.307927,2.148114,1.890323,7.222063,5.715229,3.565531,2.132376,1.780321,5.675437,3.847161,2.188842,1.547297,1.707582,2.251537,3.035603,3.409949,3.251964,3.896035,2.374984,1.478227,1.543059,1.932667,2.762659,3.35421,3.336753,1.393352,1.385038,1.754992,2.331147,3.062962,3.244668,1.461806,1.324152,1.515256,1.877633,2.666704,3.00482,1.405878,1.474798,1.665817,2.141017,2.640682,3.126812
2.67971,3.054608,3.257147,3.396896,3.613497,3.981251,3.977933,3.766923,3.528244,3.34101,3.111483,3.62559,3.800812,3.740617,3.846048,3.711399,3.479114,3.149021,3.508101,3.488075,3.287298,3.60444,3.618639,3.416653,3.799671,3.019849,3.282521,3.408908,3.387332,3.200054,3.835243,3.787354,3.539713,3.203709,3.212554,3.204061,3.497418,3.177189,2.826267,2.870935,3.029431,3.049231,3.155903,3.34973,2.928326,3.082146,2.717512,2.4244,2.578854,2.658295,2.63287,2.702883,2.402905,2.294633,2.180077,2.037005,2.115189,2.293851,2.349849,2.038285,2.014409,1.830958,1.764883,1.843239,1.864512,1.881662,1.925238,1.595009,1.478687,1.704891,1.892329,1.700273,2.1468,2.482959,2.370845,2.23035,2.093078,1.980181,2.990027,2.82373,3.486375,3.865569,3.478405,3.214116,2.453534,1.977163,2.247504,5.156152,5.418367,4.871881,4.211081,3.452653,2.343414,2.301786,6.469621,6.211076,5.12124,3.983548,3.050872,6.650606,5.637898,4.147087,3.266907,2.853471,5.277855,3.815673,3.541735,3.047739,2.716604,2.583598,2.283515,1.903355,2.072546,3.138305,2.907826,2.263547,2.289114,2.360393,2.496384,2.501947,2.161025,1.704625,2.52978,2.332858,2.042125,2.070559,2.341137,2.482721,2.190863,1.674398,1.619805,2.396339,2.151337,2.27931,2.35552,2.138557,1.632285,1.37874,2.317553,2.398447,2.111436,1.766461,1.44473,2.321386,2.136231,1.815117,1.649692,1.476661,1.718342,2.850381,3.565182,3.711507,2.160453,2.018807,1.826031,1.969321,2.083,3.139823,3.893495,3.897029,1.991054,2.06512,2.556833,3.351432,3.991961,4.012183,2.436793,2.356027,2.662933,3.190574,3.727018,3.979646,2.559684,2.736105,2.986773,3.414754,3.683034,3.220803
7.266273,8.52388,10.42613,11.14595,11.41913,10.85835,9.749542,9.472959,7.679608,9.361632,10.54659,11.05054,11.537,11.4761,10.67312,10.28215,9.163652,9.155515,11.02464,11.49845,10.87715,10.87861,9.603405,10.56743,10.26587,10.80735,11.4225,11.13091,10.92872,10.27814,10.49371,11.28389,10.34045,10.7808,11.17049,10.04289,10.90648,9.509735,9.853709,10.05075,9.14327,8.989144,8.349163,6.724448,4.272536,10.62919,8.845734,9.168638,7.758393,6.173676,5.67582,3.741282,3.148087,7.542765,7.073635,6.419857,5.688962,3.498789,3.071247,2.80007,4.879748,3.926646,3.605072,2.366807,1.993111,2.109377,3.217774,2.048176,1.18074,1.355115,1.991743,1.737547,2.5391,4.683531,6.545831,5.957051,3.859601,3.238055,3.020486,1.8052,4.8003,11.61692,15.29838,12.32839,9.733135,5.060666,3.547496,7.002144,15.36616,18.49987,17.78735,14.01511,8.624382,8.250853,11.33074,17.85638,19.91899,17.04229,11.49539,8.088642,18.32918,17.31317,14.10138,10.22511,7.947419,12.37779,16.6837,13.26201,9.825713,8.123132,6.186214,3.948138,2.522666,4.030722,8.46283,13.35497,12.55358,11.46087,8.617185,6.905665,4.444127,2.752434,3.088626,10.1849,11.02118,11.3338,9.393208,7.207108,4.39018,2.491499,1.864547,10.23475,10.55254,9.99797,7.569565,4.131878,1.996776,1.835861,8.409834,6.295342,3.742048,1.957705,1.487064,3.98806,2.160152,1.943448,1.712956,3.307266,4.684225,6.592019,6.913267,8.347263,3.489136,1.589807,2.098438,4.829553,6.729153,8.586584,10.36645,9.999641,3.125147,5.39546,7.951527,9.706121,11.6736,10.59833,3.980425,5.884301,7.908198,10.047,10.47968,11.11738,5.369356,7.531175,8.600767,10.64061,11.30892,6.419812
2.710827,2.795997,3.49083,4.06986,4.544691,5.163016,5.444211,5.78586,5.448811,3.516486,3.312181,3.872147,4.380937,4.819612,5.133589,5.634852,5.510271,3.435763,3.442337,4.000896,4.506857,4.872347,4.951056,5.189943,3.386159,3.734045,4.361444,4.567704,4.824948,4.623612,3.143814,3.459227,3.868566,3.90232,4.093487,4.177268,3.223559,3.621652,3.622813,3.244299,3.592469,4.280353,4.2177,4.424597,4.41503,2.485279,2.236366,2.447258,2.630834,2.939544,3.475615,3.254668,3.281206,2.319916,2.080433,2.631539,2.466625,2.648296,2.76579,2.772514,2.32948,2.276423,2.49529,2.497751,2.765123,2.608533,3.423501,2.346571,3.017366,3.07325,3.095698,3.953852,4.913934,4.088544,3.272932,2.971375,2.978063,3.346915,4.357601,5.707099,5.534301,5.814012,4.45495,3.404609,3.126576,2.944045,3.514413,7.682868,7.724743,5.868235,4.368289,3.449068,3.128701,3.385817,9.034303,7.716776,5.518496,4.221775,3.588117,9.692561,7.570477,5.672967,4.396801,4.021485,10.61324,10.25063,7.727065,5.856583,4.892688,4.154525,3.494397,3.436962,3.871894,5.019005,9.904136,9.68762,8.216434,6.714295,5.490928,4.306849,3.643552,3.634705,4.349567,9.424519,9.969379,8.690355,6.937595,5.162217,4.096848,3.547552,3.683668,8.666409,9.132287,8.022323,6.316277,4.63376,3.58267,3.31721,7.899572,6.584341,4.971047,3.304041,3.166605,6.080816,5.065218,3.413526,2.735882,3.033171,3.757737,4.591275,5.520834,5.786461,5.041236,3.314145,2.39423,2.600378,3.1758,4.408943,5.170304,5.822496,2.175732,2.73482,3.071151,3.53203,4.600705,5.652308,2.362306,2.209102,2.336046,3.765012,4.130339,4.875239,2.405585,2.640926,3.116878,3.610568,4.206302,5.616733
1.875215,1.859601,1.848374,1.859286,1.812866,1.770375,1.732825,1.686189,1.594841,2.102508,1.881319,1.782726,1.819951,1.755701,1.768619,1.752356,1.635957,1.912123,1.782277,1.797076,1.763163,1.790473,1.722027,1.649054,1.696033,1.722592,1.757595,1.762668,1.758157,1.685951,1.658957,1.641403,1.737432,1.801598,1.74446,1.674156,1.612109,1.730838,1.676646,1.681325,1.594006,1.554069,1.472895,1.491533,1.502174,1.875523,1.697922,1.534811,1.504109,1.39382,1.215894,1.257135,1.367007,1.632823,1.468426,1.352081,1.43997,1.264702,1.151766,1.214977,1.370432,1.330957,1.521619,1.378829,1.200086,1.196208,1.304075,1.680234,1.411117,1.3674,1.278615,1.638003,1.427947,1.520998,1.501225,1.471112,1.448352,1.508844,1.573735,1.56129,1.690351,1.822394,1.887276,1.873733,1.744186,1.68836,1.64259,1.906529,2.214317,2.380234,2.358388,2.208525,2.004825,2.158564,2.442363,2.937665,2.876934,2.643803,2.424421,2.742366,3.073109,3.055719,2.732976,2.527238,1.864623,2.368138,2.788677,3.026434,3.002139,2.690326,2.233814,1.861287,1.67023,1.643029,1.877703,2.304535,2.958039,3.431691,3.211652,2.647852,2.16721,1.835074,1.644671,1.929181,2.574668,3.510455,3.578606,3.003798,2.314809,1.873609,1.595093,1.967739,2.57817,3.187916,3.049133,2.286162,1.861453,1.587526,2.459371,2.296986,2.069859,1.784613,1.59256,1.841186,1.738806,1.587161,1.53096,1.542566,1.481663,1.583185,1.627354,1.61995,1.579629,1.487537,1.461864,1.501059,1.531429,1.570772,1.701149,1.703248,1.38759,1.40678,1.504594,1.633842,1.726665,1.735593,1.504656,1.44052,1.488483,1.619937,1.740653,1.786507,1.587069,1.625095,1.673245,1.790711,1.81992,1.576334
