-0.1667747,-0.3853767,-0.7140968,-0.5793579,-0.691,-0.4914281,-0.4599569,-0.3094475,-0.2035976,0.2518155,-0.2663422,-0.6589707,-0.7187788,-0.6164009,-0.5485441,-0.3543395,-0.3755749,0.7377844,-0.2219985,-0.6242311,-0.7035666,-0.7052137,-0.5462628,-0.3309751,0.1482936,-0.3629463,-0.6133804,-0.7259687,-0.6316463,-0.3847967,0.3287957,0.01968726,-0.3161711,-0.4767663,-0.6025358,-0.6001831,0.1462225,-0.1259178,-0.4165451,-0.4153295,-0.6038803,-0.6592516,-0.5450041,-0.4086756,-0.1154357,-0.01604388,-0.4791602,-0.05053713,-0.4919513,-0.6357262,-0.5732399,-0.630643,-0.3850281,-0.4632714,-0.04960465,-0.533362,-0.3771501,-0.5081097,-0.6712649,-0.4380109,-0.3062151,0.2378407,-0.125933,-0.2337133,-0.5791089,-0.5879711,-0.2692608,-0.410422,-0.1211631,-0.4561053,-0.439694,-0.2700711,-0.009214095,-0.1355714,-0.1970588,-0.3109448,-0.2557696,-0.04184682,-0.004866106,0.1808865,0.3866601,0.6148385,0.2496118,0.07949683,-0.05123934,0.1559121,0.1097251,1.143867,1.677742,1.561069,0.9691107,0.5730613,0.4970016,0.8153691,1.546471,1.93748,1.581838,1.16996,0.8480176,1.188329,1.166976,0.7907723,0.9637505,1.001508,0.7055866,0.5054725,0.3628996,0.500087,0.8625627,0.9067077,0.4480292,0.08487471,-0.07679903,-0.2788431,0.3939701,0.2041078,0.192092,0.6174701,1.024159,0.4729317,-0.03963643,-0.2356389,-0.3968866,0.2164997,0.07241396,0.5226825,0.9683173,0.7662958,0.01264602,-0.3223435,-0.4760432,0.04641997,0.1524516,0.9870697,1.039619,0.2802707,-0.3811265,-0.5913994,0.6614734,0.9327166,0.4102554,-0.3178329,-0.5532404,0.6132303,0.4383176,-0.2047322,-0.4193144,-0.5109038,-0.4649891,-0.6210255,-0.4322767,-0.3488938,0.4819088,0.1164396,-0.4846448,-0.4070528,-0.5721647,-0.593904,-0.7054409,-0.4079587,-0.8120416,-0.8170184,-0.09738255,-0.5324462,-0.656681,-0.5177543,-0.7205431,-0.6354766,-0.3950233,-0.3073982,-0.6318469,-0.4978576,-0.630672,-0.2762121,-0.6325833,-0.4836647,-0.2565838,-0.2043268
0.04853959,0.2888657,0.4381664,0.6371529,0.7373043,0.8812203,0.8930052,0.8762556,0.8577243,0.5128058,0.5583633,0.7149543,0.7429729,0.8534859,0.8862692,0.9405202,0.8521801,0.7253128,0.7983021,0.7498873,0.8167865,0.8759661,0.8905814,0.857596,0.7790788,0.6512542,0.7676594,0.8198022,0.7862177,0.8213454,0.687797,0.6396573,0.70625,0.7298806,0.7152585,0.6860121,0.7678446,0.7517868,0.6356485,0.4624887,0.6153146,0.6887671,0.7408649,0.7165942,0.8341389,0.5356143,0.3781975,0.376361,0.324781,0.4431626,0.41672,0.6940259,0.8467177,0.3131108,0.3131756,0.3277983,0.2849689,0.2696411,0.5999358,0.9004691,0.2750686,0.3403364,0.4241358,0.3249131,0.5689188,0.8303711,0.4863654,0.7937245,0.6769375,0.8993316,0.8522012,1.551779,1.146109,0.9878684,1.138384,1.160064,1.129924,1.008379,0.9825283,1.412332,1.402639,1.386619,1.426256,1.412814,1.39272,1.301598,1.154181,1.813877,1.905047,1.928822,1.766337,1.787025,1.643017,1.834293,1.939519,2.23357,2.365821,2.232499,2.012873,1.373776,1.835811,2.067034,2.195795,2.188316,0.8498339,1.037199,1.556754,1.928616,2.179106,2.055727,1.683388,1.386099,1.076205,0.9420384,0.5969093,1.041126,1.471462,2.064016,2.128238,1.813029,1.510502,1.262576,0.9709918,0.5576732,0.8801759,1.651388,2.264188,1.919035,1.492699,1.25387,1.077339,0.8002904,1.470814,2.101307,2.009537,1.461741,1.16274,0.9737073,1.618436,1.852459,1.397471,0.8577609,0.6506485,1.41257,1.197242,0.674875,0.5099355,0.5143926,0.6731788,0.8738395,1.011245,1.018807,0.9115428,0.5512129,0.4828027,0.3740034,0.339343,0.6171504,0.8050674,0.8088606,0.147806,0.3173308,0.2516916,0.4635925,0.6350366,0.8078065,0.03774551,0.1371375,0.1496853,0.2954182,0.4818924,0.6334516,0.04652621,0.104713,0.2183309,0.4266112,0.6118954,0.8695183
-1.016704,-0.8595153,-0.5008773,-0.5206078,-0.4585792,-0.3747025,-0.2458021,0.04130923,0.2928865,-0.8878068,-0.4779033,-0.3323151,-0.3998428,-0.3203005,-0.2162232,-0.1616189,-0.1177162,-0.4889843,-0.3249702,-0.3134868,-0.1705352,-0.2035732,-0.2222934,-0.1842055,-0.42933,-0.3638748,-0.147415,-0.1751117,-0.2019869,-0.2649524,-0.4788376,-0.3947222,-0.3460149,-0.1508771,-0.2084418,-0.2776017,-0.3462906,-0.3285325,-0.3510012,-0.3230391,-0.254194,-0.2276808,-0.179051,-0.01302334,0.3930121,-0.4381787,-0.5722719,-0.518558,-0.295057,-0.3089837,-0.09647897,0.0187313,0.2307855,-0.7541863,-0.7367365,-0.5783234,-0.5182899,-0.1342563,0.3509119,0.4703282,-0.8707332,-0.664923,-0.5176572,-0.216433,0.3974991,0.7922047,-0.9600284,-0.5533563,-0.2674529,0.03485957,0.6135216,-0.3480026,-0.03129885,0.4473672,0.8921109,0.8804854,0.6092262,0.4878177,0.6922748,-0.3261814,0.1183398,0.416521,0.77428,0.9145893,0.7767404,0.682484,0.8429909,0.09083606,0.722971,1.09268,0.8879883,0.6346946,0.6172707,0.7291843,0.4752055,1.249243,1.148651,0.6939459,0.3554756,0.8274778,0.8589578,0.4749883,0.21854,0.3644657,-0.177332,1.068751,0.499631,0.34698,0.4496041,0.8175957,1.113361,1.204458,1.003036,0.6459486,0.009139385,0.7130264,0.9000264,0.8223155,1.057941,1.128074,1.238443,1.267563,0.8600474,-0.09858029,1.425851,2.349945,1.451701,1.058708,0.9326753,1.178754,1.215868,1.892681,2.149061,2.270849,1.286917,0.6091721,0.7560678,1.059321,-0.1257106,0.6606501,0.3101075,0.1938523,0.4377089,-0.4583236,0.05458859,0.04176842,-0.1321179,0.4352282,0.9487914,0.9033819,0.5559492,0.2285722,-0.5107974,0.02777172,-0.2142946,-0.1979091,0.0720382,0.4083224,0.1749626,-0.01203155,-0.7702353,-0.5009435,-0.6192232,-0.3564932,-0.2461193,-0.2820191,-0.7185589,-0.7146544,-0.8023508,-0.5689099,-0.485135,-0.4056365,-1.106229,-0.9454184,-0.7220528,-0.4280869,-0.4818814,0.4732403
0.8902742,1.202274,1.519509,1.73065,1.868184,1.950547,1.980964,1.948361,1.945024,1.370365,1.427244,1.593206,1.767871,1.892584,1.948952,1.964675,1.809152,1.435802,1.42564,1.581208,1.782395,1.907961,1.930628,1.872864,1.326423,1.386713,1.582389,1.790799,1.858526,1.883273,1.159451,1.279802,1.455695,1.599956,1.748839,1.819432,1.329564,1.452461,1.545554,1.724134,1.809352,1.803165,1.619804,1.555022,1.626389,1.430441,1.409774,1.569467,1.592227,1.563257,1.413483,1.405523,1.500954,1.325844,1.180734,1.283534,1.323024,1.208236,1.148819,1.383686,0.7132504,0.8441536,0.7874292,0.8759201,0.8198056,1.071325,0.4073043,0.3499199,0.4440452,0.5496811,0.649361,0.4060201,0.487648,0.6744172,1.139558,1.416829,1.607904,1.698456,1.86103,0.8179531,0.8177686,1.105126,1.536406,1.762074,1.825029,1.91999,2.11295,1.34101,1.692867,2.097987,2.458111,2.191242,2.056501,2.251314,2.053126,2.682238,2.894548,2.605214,2.334314,2.609617,3.071623,2.840724,2.580019,2.39874,2.182064,2.51749,2.715561,2.559989,2.589519,2.630544,2.609341,2.632606,2.433287,1.929893,1.981114,2.145304,2.319016,2.627644,2.90701,3.019687,2.937155,2.812306,2.191808,1.884085,2.101897,2.776673,3.154467,3.25109,3.033985,2.797363,2.414163,2.011986,2.664179,3.224045,3.244676,2.851626,2.503181,2.215566,2.824459,2.978473,2.560327,2.12382,1.832754,2.639039,2.146086,1.569617,1.151748,1.491403,1.705642,2.002203,1.933217,1.849239,1.965379,1.441622,0.8674155,0.6975732,1.122182,1.592986,1.86072,1.933419,0.5077108,0.501087,0.7287152,1.287799,1.731939,1.94895,0.6318928,0.4543872,0.6726681,1.236165,1.622748,1.867948,0.4695414,0.7502321,1.241617,1.590715,1.749975,1.950894
-0.5148013,-0.477731,-0.4492397,-0.3444049,-0.1531839,0.03204169,0.1873483,0.3600634,0.4081491,-0.1144647,-0.2272772,-0.2183139,-0.1982068,-0.11855,0.01383055,0.1654203,0.1872988,0.2385342,-0.1656198,-0.2568408,-0.2126928,-0.1159599,-0.01685025,-0.04522541,-0.1536287,-0.2761058,-0.2165209,-0.2646522,-0.2143913,-0.1189887,-0.2794491,-0.2086888,-0.147187,-0.2487692,-0.2776528,-0.2509409,0.1962901,-0.213002,-0.4546572,-0.4502081,-0.2641785,-0.1907859,-0.1231464,-0.1134067,0.1814917,-0.07035311,-0.4243072,-0.5896767,-0.5794131,-0.5306398,-0.5563021,-0.469538,-0.4114332,-0.5502865,-0.5627982,-0.6827991,-0.7663189,-0.8469731,-0.685685,-0.5231513,-0.6121446,-0.6378474,-0.7261868,-0.8390574,-0.8405579,-0.6359454,-0.5602849,-0.4996608,-0.6970519,-0.7749222,-0.7745447,-0.4923085,-0.6700689,-0.6402875,-0.4877912,-0.4207042,-0.4647557,-0.1821654,0.2882527,-0.06390972,-0.2222999,-0.2208758,-0.1953288,-0.2377234,-0.2884946,-0.2833001,-0.04515283,0.1275163,0.3886096,0.5357659,0.262838,0.08657911,-0.04807831,0.1868694,0.9278082,1.453031,1.049888,0.6724037,0.3894629,1.262559,1.274714,1.014228,0.9217013,0.649652,0.04873713,0.4117963,0.6479691,0.8339149,0.9091525,0.3847562,-0.0006083449,-0.2107233,-0.1532148,0.2619914,-0.3024718,0.150661,0.631876,0.9693803,0.6092601,0.01658116,-0.2825093,-0.3082589,-0.09160253,-0.3550695,0.1836222,0.9099833,0.940737,0.154971,-0.2604905,-0.2976784,-0.1636756,-0.1722253,0.6139632,0.9845905,0.2991172,-0.3577627,-0.5719823,-0.4296173,0.6115655,0.1904539,-0.4434327,-0.7722081,-0.7045428,0.07338144,-0.4186239,-0.8676911,-0.9262666,-0.6501734,-0.3472497,-0.06564,0.146109,0.504311,-0.2278411,-0.6883711,-0.9834637,-0.8253317,-0.6385172,-0.3066032,0.02356639,0.3051507,-0.5996606,-0.8227605,-0.7293691,-0.3675584,-0.02232231,0.1685921,-0.924125,-0.877419,-0.7570831,-0.4823974,-0.2490922,-0.01738758,-0.7710243,-0.5750229,-0.5177143,-0.3441239,-0.2278008,0.467267
-0.1449955,-0.04015208,-0.04271858,-0.2130586,-0.2394255,-0.248395,-0.1872963,-0.01239439,0.1606616,0.2419402,0.1257937,-0.0381214,-0.2251855,-0.2788198,-0.2386771,-0.1398638,0.0877388,0.4157308,0.04644595,-0.1513655,-0.1810928,-0.2204085,-0.1914942,-0.01342124,0.2435042,0.08200818,-0.07725166,-0.09792709,-0.2094714,-0.2112967,0.3523987,0.2447207,0.1463093,-0.02931884,-0.1564592,-0.2641179,0.7053203,0.2692624,-0.02837155,-0.2642193,-0.3624853,-0.2057675,-0.04056311,0.127105,0.3384237,0.2937109,-0.1387176,-0.2775697,-0.3628433,-0.3558834,-0.3228807,0.1804628,0.518088,-0.2161374,-0.2764868,-0.3803838,-0.5790532,-0.5300986,-0.1277386,0.6721256,-0.3431401,-0.3560275,-0.5118332,-0.5921843,-0.3790716,0.471758,-0.3371286,-0.2497789,-0.4287894,-0.3588094,-0.02724549,0.2272744,-0.221129,0.02025888,0.7339395,1.019984,1.041681,0.8698227,0.5907844,0.2711108,0.08480547,0.46873,0.6677467,1.077859,1.256672,1.229619,1.067701,0.4355311,0.875536,1.063299,1.227268,1.465874,1.649174,1.881324,0.7450505,1.30418,1.428281,1.548175,1.854692,0.9828104,1.306969,1.418252,1.760609,1.972747,0.2881889,0.6408089,0.9911604,1.449806,1.874898,1.967707,1.697912,1.329196,0.8310782,0.364803,0.2096629,0.6118112,1.066538,1.556926,1.818941,1.769299,1.495434,1.103235,0.5088025,0.4072404,0.8098384,1.142915,1.306035,1.404445,1.428655,1.204751,0.7724919,0.6441091,0.9793841,0.9334227,0.9021458,0.9322057,1.033729,0.844311,0.707327,0.4006535,0.2525214,0.1885418,0.3252179,0.290853,-0.1306711,-0.3219619,-0.3215188,-0.03692851,0.3169093,0.2469271,0.1325043,0.09769927,-0.09585226,-0.1069681,-0.4987095,-0.5078222,-0.2909046,0.05062489,0.06638815,0.02610869,-0.4937148,-0.52373,-0.478204,-0.1909668,0.02112875,-0.04950657,-0.4769033,-0.557925,-0.4578038,-0.2236042,-0.1975411,-0.1128948,-0.3158012,-0.2395636,-0.1939605,-0.2232982,-0.2873499,0.270467
-0.4383925,-0.286396,-0.3345368,-0.2045646,-0.3557837,-0.3803681,-0.2666637,-0.3666019,-0.4054631,-0.08695913,-0.04167182,-0.1536549,-0.2276572,-0.2977698,-0.2626831,-0.2715581,-0.3481759,0.09780872,0.02264364,-0.1377178,-0.1663843,-0.2742812,-0.278668,-0.3291489,-0.006815926,-0.07922929,-0.1680928,-0.186989,-0.1704113,-0.2299759,-0.03002747,-0.001452867,-0.02184093,-0.09604196,-0.2229184,-0.3326353,0.1764284,0.006051057,-0.2051346,-0.3334873,-0.3585195,-0.1603061,-0.1591449,-0.1824796,-0.2431622,0.1627172,-0.1719307,-0.3742189,-0.4408854,-0.3339331,-0.1168032,0.0421959,0.1978001,-0.157417,-0.3931808,-0.3988261,0.08001839,0.3700272,0.4380554,0.4757291,-0.5724315,-0.3595047,0.2729935,1.515148,0.8329394,0.5063826,-0.3712323,0.9827898,0.09428907,0.8512384,0.4600676,0.5800486,0.2125467,0.1344166,0.3684511,0.4632121,0.445843,0.02530468,-0.1599091,0.3015249,0.2309555,0.141349,0.3576693,0.4875697,0.5142871,0.3475134,-0.1449398,0.165533,0.3869873,0.5954472,0.6213224,0.6737794,0.5647254,0.65671,0.005521072,0.4365793,0.9060628,0.9218621,0.8254072,-0.1925603,0.5210121,0.8186838,0.7996094,0.8033273,-0.4806488,-0.1726209,0.4274708,0.6937861,0.8533566,0.8699619,0.4790094,0.0956528,-0.160935,-0.4536467,-0.6138735,-0.03297229,0.5105568,0.9849354,1.076194,0.7639855,0.2898001,0.1085584,-0.1706334,-0.4813148,-0.07492869,0.9991835,1.28749,0.8074234,0.3322241,0.2569854,0.1818887,-0.2873074,0.4224609,1.147745,0.8145771,0.192055,0.1700852,0.162962,0.5760295,0.4926944,0.2014723,0.06658672,0.04981017,0.5194193,0.1356485,-0.0395074,-0.1152096,-0.07581788,0.01978786,-0.1145857,-0.3231643,-0.3714404,0.3694967,0.2744744,-0.01927877,-0.2248573,-0.2487991,-0.2187047,-0.2305051,-0.3713753,0.08089932,-0.169007,-0.4074422,-0.4597704,-0.450279,-0.4296583,-0.2416168,-0.184918,-0.4155001,-0.4455528,-0.2565001,-0.3235201,-0.6652635,-0.5860303,-0.4398111,-0.4186774,-0.1581375,-0.3314222
-0.1952315,-0.09899954,-0.1777627,-0.03032708,-0.06031076,-0.09105863,-0.027708,-0.104109,-0.07860095,0.08371807,0.2577449,-0.2242417,-0.09865338,-0.01162172,-0.01585869,-0.01244973,-0.07716393,0.2567601,-0.1645887,-0.2142077,-0.06677806,-0.02050965,-0.01986565,-0.06411522,-0.1101058,-0.2981342,-0.2137947,-0.2017564,-0.1367472,-0.108491,-0.06632924,-0.2208204,-0.3402114,-0.3005817,-0.2603815,-0.2320002,-0.139187,-0.2562694,-0.3083138,-0.2290221,-0.08946321,-0.1424672,-0.1667606,-0.1465748,-0.04259511,-0.1270775,-0.145556,-0.1027747,0.01470108,-0.1558825,-0.1983258,-0.01751083,-0.08655157,0.02745637,0.1004949,0.0930516,0.0792831,-0.08983482,-0.1049368,-0.06757157,0.1105606,0.7636232,0.9002631,0.3736981,0.09786271,-0.00700541,0.215263,0.6350803,1.050032,0.4367319,0.1316689,1.331101,0.5688121,0.2359451,0.1921016,0.1231382,0.1964663,0.04078335,0.002196952,0.8927698,0.8061981,0.4966968,0.3695945,0.3139596,0.3314675,0.2870032,0.1345202,1.238709,0.9475376,0.7925118,0.6152104,0.554261,0.4521312,0.5719368,1.357167,1.324165,0.9919134,0.7448229,0.6247759,1.144921,0.9622676,0.8115726,0.7970072,0.7216405,0.40951,0.3838632,0.4458812,0.8232808,0.9129118,0.6531179,0.3751535,0.174159,-0.02615849,-0.1274841,-0.004424496,0.13305,0.6021027,1.011802,0.9195004,0.5380655,0.2193064,0.03536747,-0.1765258,-0.1100753,0.4035921,1.126705,1.316785,0.9259593,0.336935,0.07212754,-0.1457116,-0.05167555,0.67117,1.467673,1.106504,0.3614465,-0.01643514,-0.189545,0.9057163,1.072459,0.6099679,0.2886122,-0.1482651,0.8899795,0.911517,0.8243636,0.01207854,-0.2098851,-0.331571,-0.3082992,-0.2291856,-0.1551585,0.2268374,0.4413145,0.5811281,0.2364132,-0.3440311,-0.3620426,-0.3320042,-0.1364678,0.3765684,0.2763329,-0.08707266,-0.4018536,-0.1708568,-0.1296991,0.06402235,0.08317155,-0.01362931,-0.1893363,-0.05552134,-0.160281,-0.2181364,-0.1541933,-0.06473332,0.03805492,-0.09327066,0.05630629
0.9071059,1.097394,1.648392,1.619559,1.700566,1.839979,1.940555,2.022838,2.146464,1.724673,1.920448,1.831653,1.706376,1.766746,1.880813,1.952704,2.027347,2.261421,1.904661,1.52572,1.618899,1.74191,1.882172,1.928122,2.240827,1.580241,1.493251,1.616894,1.703856,1.83709,2.44435,1.283078,1.598429,1.534903,1.852887,1.73305,2.382579,2.144744,1.657889,1.949481,1.840816,1.854907,1.862523,1.814017,2.031412,1.729716,1.357454,1.444524,1.704156,1.657139,1.796877,1.819867,1.909129,1.076345,1.606917,1.49089,1.503342,1.631727,1.831285,1.796013,1.185739,1.563593,1.570768,1.721759,1.970136,1.971439,1.62264,1.730801,1.901827,2.034306,2.239749,2.047326,1.99038,2.187446,2.121029,1.720568,1.711759,1.934902,2.26973,1.912448,1.926219,2.091987,2.079123,1.831119,1.543735,1.686215,2.084564,2.009709,1.999943,2.019178,1.708466,1.392513,1.411896,1.497369,2.091619,2.021281,1.661006,1.423675,1.326654,2.107839,1.874281,1.494035,1.377004,1.499113,1.95376,1.94416,1.613711,1.530968,1.708714,1.754914,1.869883,1.967016,2.070659,2.051765,1.826587,1.741934,1.685848,1.772373,1.826234,2.135658,2.108519,2.021497,2.010655,1.864908,2.009233,2.146059,2.317652,2.433434,2.486326,2.382884,1.951303,2.247309,2.508459,2.508878,2.548191,2.693097,2.611609,2.407169,2.590472,2.472463,2.572225,2.676903,2.64763,2.394426,2.311027,2.346388,2.355294,2.346304,1.989064,1.806022,1.916465,2.127549,2.188924,2.187149,2.008613,1.759192,1.818853,1.719277,1.875541,1.980511,1.54498,1.637594,1.208503,1.453043,1.759899,1.91094,1.341143,1.352014,1.12332,1.308247,1.695048,1.835181,1.160785,1.089154,1.22634,1.567925,1.821737,2.239023
1.217779,1.284079,1.296241,1.279518,1.334747,1.574936,1.498644,1.554831,1.603874,1.21493,1.202576,1.20508,1.255449,1.345639,1.403257,1.443838,1.309366,1.289346,1.191252,1.180899,1.312824,1.32779,1.362138,1.104661,1.011852,1.043428,1.103632,1.164456,1.119261,1.105401,0.9253569,0.8942397,0.9649646,1.013401,1.097594,1.085832,0.8292526,0.9303415,1.1097,1.08069,1.140803,1.244167,1.297499,1.399307,1.49615,0.8158951,0.9393971,1.264328,1.166776,1.241394,1.206302,1.310169,1.474683,0.8588408,1.02813,1.189048,1.305561,1.364097,1.410008,1.587034,1.010629,1.328434,1.508659,1.517634,1.553137,1.644645,1.380698,1.680036,1.86493,1.789921,1.697129,2.157883,1.919655,1.853006,1.799436,1.653481,1.612993,1.618147,1.651976,2.130404,1.979951,1.978078,2.047098,1.919587,1.696948,1.660837,1.70519,2.062414,2.174805,2.301068,2.124909,1.980248,1.796716,1.835187,2.38161,2.59531,2.441408,2.227587,2.056708,2.380819,2.56008,2.44321,2.300858,2.063303,1.725876,2.142083,2.4457,2.60007,2.391015,2.035507,1.90947,1.799102,1.711694,1.700505,1.673115,2.117013,2.594873,2.717153,2.388089,2.009445,1.908121,1.805951,1.771871,1.82239,2.35788,3.025788,2.915295,2.277303,2.038559,1.957321,1.820061,2.102918,3.040006,3.390171,2.697604,2.1587,1.937944,1.957488,3.343915,2.973979,2.306125,1.918193,1.796922,3.111108,2.594486,1.907989,1.655405,1.674083,1.810966,1.806602,1.670003,1.598614,2.903321,2.507838,1.808033,1.361281,1.370677,1.607908,1.637728,1.630812,1.852203,1.460696,1.236068,1.252455,1.621158,1.570251,1.910856,1.554398,1.253686,1.322745,1.508355,1.415918,1.516918,1.269091,1.306869,1.368725,1.339323,1.608845
0.4700651,1.891442,1.694542,1.788322,0.7713997,0.7610875,1.003691,1.118006,1.108893,0.4950851,1.396637,1.582985,1.048587,1.460966,0.8850224,1.134748,1.15293,0.7217078,0.7164155,1.79105,2.144096,1.99583,0.9248173,0.9159725,0.2230674,0.9167423,1.367148,1.606754,0.8957469,1.071193,0.5587336,0.357831,1.099865,1.993222,2.574116,1.344901,0.7863412,1.427745,2.613336,1.10013,1.426411,0.9344708,0.9106249,1.054849,1.03242,0.6564643,0.9698678,0.4467223,0.2909105,0.4770201,0.7016804,1.022756,1.011267,0.4307338,0.06122927,0.4148185,0.6774979,0.4496402,0.8372924,1.101347,0.8281344,0.4816681,1.09895,0.9666411,0.7431124,1.189551,0.7226275,1.439291,1.250023,1.097652,1.030686,2.19366,1.554605,1.549259,1.24572,1.273491,1.229671,1.14861,1.070771,1.847373,1.558681,1.458191,1.46198,1.438525,1.403688,1.302104,1.175596,2.168808,1.691938,1.869944,1.704838,1.507638,1.369537,1.505997,1.931081,2.287923,2.157483,1.897104,1.666249,1.562927,1.914594,1.903743,2.073113,1.821884,1.207229,1.231325,1.551065,1.9467,2.017546,1.680887,1.260322,1.124028,0.9482105,0.9397085,0.9010223,1.260769,2.052059,2.204461,1.801681,1.474437,1.065385,0.9552861,0.8860956,1.318838,1.705169,2.624932,2.371004,1.605073,1.186548,1.118383,0.9056874,1.534547,2.702094,2.802923,1.988168,1.135116,0.8466294,0.7957087,2.725023,2.084466,1.384568,0.818471,0.642315,2.312156,1.390109,1.680443,0.5612623,0.6999409,0.5581903,0.616022,0.8679387,1.091966,1.209207,1.700345,0.9549286,0.4456408,0.3158381,0.4666593,0.6683878,0.9908446,1.087414,0.6063678,0.5064104,0.7930367,0.5758221,0.8712314,0.7456932,0.4445265,0.4688305,0.9490498,0.8759524,0.6321896,1.259604,0.1862884,0.6447302,2.007261,0.754702,1.06578
0.2354256,0.4328998,0.624662,0.7834778,0.9061881,1.043449,1.115526,1.119556,1.04524,0.5090193,0.5558519,0.7289612,0.8279706,0.9816947,1.050339,1.107321,1.008773,0.5882714,0.5982525,0.7697605,0.9049608,0.9949835,1.008674,0.9053447,0.5344898,0.621065,0.7381939,0.8425869,0.9194134,0.8835467,0.3714483,0.4615873,0.5732073,0.6742839,0.7110845,0.7327447,0.472819,0.4761871,0.5245801,0.6150621,0.614813,0.7397728,0.7963391,0.8502531,0.9189661,0.459983,0.4343158,0.4534887,0.4460216,0.4817438,0.6072875,0.7778718,0.8539822,0.3376204,0.3945659,0.3951,0.3624307,0.4241369,0.714141,0.9382979,0.3506026,0.4128861,0.402383,0.4432214,0.5651955,0.9019713,0.4217758,0.5114697,0.6804894,0.5624409,0.7515935,0.7431401,0.9418229,0.8775983,1.134004,1.193088,1.024557,1.007888,1.058793,0.8400502,1.128715,1.292913,1.419829,1.43433,1.351068,1.245925,1.244343,1.265393,1.801174,1.952591,1.848778,1.663542,1.56581,2.025164,1.626436,2.132595,2.313456,2.168564,2.050564,1.619101,2.178543,2.337643,2.326114,2.277906,1.139484,1.577796,2.004613,2.362523,2.483471,2.28885,1.893304,1.584013,1.347347,1.09903,1.179566,1.526877,2.125184,2.408255,2.618268,2.290239,1.922575,1.669071,1.236106,1.216821,1.61075,2.350694,2.752723,2.474991,2.10623,1.829301,1.51794,1.337345,1.991999,2.643454,2.461328,2.016302,1.726046,1.538901,2.162761,2.175507,1.783386,1.380424,1.241862,1.720985,1.432698,1.11247,0.7798991,0.9981827,1.125456,1.135744,1.068275,1.087608,1.617034,0.8937881,0.5597857,0.4767706,0.7201152,0.8912556,0.9586009,1.065121,0.4089598,0.3833162,0.3570584,0.6084526,0.9043996,1.032588,0.1303083,0.1183786,0.3205397,0.5229556,0.8600549,0.980444,0.07048328,0.3193238,0.5104403,0.7554627,0.9000912,1.046114
-1.384872,-0.9479409,-0.8619706,-0.9313132,-0.5381081,-0.9781746,-0.8876938,-0.8626095,-0.7680517,-0.1782032,-0.1609081,-0.3977315,-0.8170578,-0.9966916,-1.044343,-0.857894,-0.9186988,1.024982,0.007650449,-0.3960873,-0.8448893,-0.9960579,-1.080989,-1.061171,0.2264259,0.008894983,-0.2259419,-0.3937371,-0.8508171,-1.029899,-0.7070072,0.4104354,0.4928076,0.06013203,-0.4567543,-0.8386205,2.020714,0.8122297,-0.4257833,-0.9594952,-0.8585369,-1.085111,-0.9628341,-0.9023546,-0.976698,1.04711,-0.3011779,-1.036945,-1.210197,-1.051809,-0.9820937,-0.5995337,-1.043521,-1.176379,-1.372007,-0.9602665,-1.091103,-1.617748,0.03248518,-1.111163,-1.600796,-1.156789,-0.33169,-1.7345,-1.365544,-1.092254,-1.719243,-0.6722829,-1.255974,-1.584423,-1.311446,-0.9393202,-1.086533,-1.401784,-1.103448,-1.012366,-1.026081,-1.067212,-0.8721015,-0.2530768,-0.3409779,-0.7251665,-0.8368626,-0.8845518,-0.9437249,-0.8798911,-0.7077941,-0.3187665,-0.3250792,-0.376536,-0.6900536,-0.6341633,-0.7194725,-0.6442629,-0.4179428,-0.1910577,-0.2245078,-0.3279679,-0.4827826,-0.1862183,-0.3422886,-0.1994618,-0.05839694,-0.2900749,-0.3024094,-0.7819483,-0.5866842,-0.3173771,-0.09483328,-0.4128389,-0.6564947,-0.8621365,-1.029112,-0.9186874,-1.000064,-0.5389967,-0.6625472,-0.3031332,-0.2911956,-0.7541438,-0.9402364,-0.8779275,-0.7522155,-0.7558963,-0.09390359,-0.5651337,-0.2872715,-0.5224372,-0.7792484,-0.9548268,-0.8632466,-0.3659731,-0.1182671,-0.1202441,-0.3945966,-0.9003688,-1.070625,-0.8631153,-0.2363894,-0.3371612,-0.5251999,-0.9773813,-1.241011,-0.4799457,-0.2759605,-1.155547,-1.349704,-0.8855569,-0.6533821,-0.5699228,-0.6534536,-0.8730168,-0.1821983,-0.7215394,-1.266879,-1.279529,-1.139191,-0.5597907,-0.4493908,-0.5510826,-1.455744,-1.152606,-1.06304,-0.7960668,-0.6032718,-0.5251899,-1.784403,-1.634914,-1.401011,-0.6612747,-0.6170353,-0.7053889,-1.852783,-1.355541,-1.242311,-0.8788562,-0.7434478,-0.9226563
-0.4669862,-0.5102186,-1.110519,-1.495372,-1.553361,-1.536097,-1.37637,-1.210859,-1.288991,0.02320274,-0.7346495,-1.371739,-1.569314,-1.539181,-1.516648,-1.31531,-1.409771,-0.5040643,-1.102744,-1.486706,-1.524216,-1.554096,-1.430778,-1.452576,-0.89856,-1.374486,-1.554344,-1.620827,-1.55709,-1.418573,-0.9423428,-1.204607,-1.396391,-1.566772,-1.464107,-1.359562,-0.954625,-1.042251,-1.273053,-1.4323,-1.469938,-1.552832,-1.558247,-1.566003,-1.46734,-0.3928576,-0.7159873,-1.186582,-1.516181,-1.702116,-1.692717,-1.558717,-1.497904,-0.5089998,-1.057741,-1.518761,-1.907146,-1.888644,-1.858954,-1.557714,-1.287586,-1.625247,-1.741193,-1.873988,-2.017274,-1.867805,-1.777849,-1.731406,-1.891872,-1.916382,-1.993724,-1.739117,-1.79457,-1.908051,-1.771918,-1.697426,-1.642379,-1.628669,-1.457137,-1.529502,-1.510676,-1.622943,-1.558454,-1.589376,-1.544629,-1.530493,-1.45868,-1.390258,-1.232268,-1.185484,-1.140889,-1.361359,-1.357353,-1.164393,-1.151925,-0.713253,-0.6042572,-0.8480315,-1.100722,-1.357122,-0.6611714,-0.6219063,-0.7473056,-0.8546724,-1.588125,-1.28699,-0.9574535,-0.7139252,-0.723282,-0.8740233,-1.212265,-1.398798,-1.516789,-1.503037,-1.657311,-1.487939,-1.132397,-0.7323884,-0.7007989,-1.024993,-1.302207,-1.476327,-1.560416,-1.801475,-1.582867,-1.101318,-0.6878871,-0.9040461,-1.336856,-1.488766,-1.640095,-1.742146,-1.463801,-0.7770554,-0.5648672,-1.192505,-1.711031,-1.745858,-1.139756,-0.6196254,-1.048877,-1.583325,-1.944073,-1.229427,-1.267958,-1.600294,-1.94392,-2.105797,-1.890347,-1.709477,-1.577779,-1.376821,-1.474062,-1.700907,-1.820845,-1.998914,-2.197889,-1.889953,-1.602641,-1.379942,-1.836788,-1.888442,-1.990717,-1.985624,-1.720107,-1.589971,-1.807001,-1.647697,-1.6225,-1.711752,-1.671484,-1.540219,-1.290097,-1.106456,-1.158638,-1.430523,-1.267601,-1.474534
-0.6675871,-0.4643671,-0.5544074,-0.4069127,-0.4797084,-0.3851559,-0.3922074,-0.3625951,-0.3415813,-0.3176568,-0.5203564,-0.4664578,-0.5616751,-0.4975596,-0.4267911,-0.3456425,-0.2320377,-0.3304554,-0.4636054,-0.6138459,-0.6149688,-0.5219865,-0.4566452,-0.4260758,-0.5469854,-0.6706571,-0.6814752,-0.6209792,-0.5214312,-0.4736691,-0.6703929,-0.6510683,-0.6134282,-0.6462227,-0.5233392,-0.5761182,-0.2699617,-0.6345406,-0.4398229,-0.6218604,-0.4370823,-0.4047998,-0.4980043,-0.5224859,-0.3129938,0.02236917,-0.5128992,0.1436449,-0.2851901,-0.413976,-0.5967994,-0.5975599,-0.4551071,-0.6320168,-0.2656137,-0.4108673,-0.4392246,-0.5082759,-0.6077468,-0.5071849,-0.8110924,-0.4863353,0.2566976,-0.6101822,-0.6168497,-0.5042507,-0.7204195,-0.1881848,-0.3571103,-0.6701153,-0.4797746,-0.4485835,-0.6019675,-0.4474414,-0.2496793,-0.1050737,-0.107274,-0.1895466,-0.2156305,-0.3015551,-0.4155179,-0.2687737,0.07078116,0.2772699,0.3053173,0.0813994,-0.1130123,-0.07389859,0.1120777,0.4097096,0.6422129,0.6839223,0.539435,0.6637676,0.3283536,0.9100463,1.151246,1.266994,1.050972,0.6178849,0.970453,1.20652,1.368316,1.177035,-0.07998896,0.3286885,0.7754663,1.057919,1.151574,0.80022,0.3081917,0.02370851,-0.2002122,-0.3624293,-0.2148576,0.326344,0.5877619,0.8899245,1.019161,0.4972017,0.01881567,-0.2922074,-0.6018355,-0.4597721,0.2567899,0.6732194,1.130031,0.7990793,0.1816471,-0.1784056,-0.5190578,-0.3816704,0.5399273,1.030127,0.9693983,0.3246559,-0.1710878,-0.5292917,0.5069298,0.8300674,0.4978806,-0.158609,-0.4107607,0.155643,0.1796751,-0.2010259,-0.5075698,-0.5979007,-0.6983984,-0.7447097,-0.5975062,-0.4504832,-0.2136413,-0.2388096,-0.3788341,-0.4892055,-0.5989343,-0.8120724,-0.7148583,-0.5318115,-0.4611689,-0.4835399,-0.742798,-0.528432,-0.6088306,-0.4832835,-0.7449799,-0.6106763,-0.4989036,-0.660031,-0.4786168,-0.3157816,-0.7996712,-0.5958313,-0.5047044,-0.5581962,-0.4003803,-0.2842443
-1.594375,-1.177649,-0.8008009,-0.8264334,-1.591687,-1.783713,-2.054235,-1.787403,-1.837972,-0.7914554,-1.389907,-1.269349,-1.670943,-1.877457,-1.866556,-2.062859,-2.001067,-1.229931,-1.444018,-1.875009,-1.76732,-1.996579,-1.989851,-1.926095,-1.706783,-1.836874,-1.790428,-1.704438,-1.920164,-2.070834,-1.516811,-1.650807,-1.759042,-1.030247,-1.544026,-1.954028,-1.263342,-0.8500309,-1.120814,-1.750532,-1.952561,-2.064208,-1.809747,-2.077639,-1.94535,-0.8566252,-1.186928,-1.467019,-1.771117,-1.915625,-1.966895,-1.806993,-2.002954,-1.31398,-1.448099,-1.650198,-1.963571,-1.901895,-2.131462,-1.976314,-1.748721,-1.607657,-1.798718,-2.196126,-1.78761,-1.936451,-1.9647,-1.889396,-0.3499687,-1.82814,-1.641819,-1.567146,-0.9843448,-1.750866,-1.793135,-1.904359,-1.925797,-1.858762,-1.857405,-1.582178,-1.668317,-1.662652,-1.509222,-1.772586,-1.906963,-1.978424,-1.800321,-1.805175,-1.70815,-1.374972,-1.431856,-1.543685,-1.688419,-1.57636,-1.358886,-0.9609115,-0.9030123,-1.059223,-1.447127,-0.9505961,-0.5354495,-0.5718884,-0.8627035,-1.132234,-1.667353,-1.236872,-0.801627,-0.7243958,-0.9342108,-1.337221,-1.523839,-1.758749,-1.663424,-1.858685,-1.922345,-1.135432,-0.9590269,-0.6797069,-0.9558226,-1.383315,-1.402555,-1.818473,-1.737412,-2.044611,-1.519792,-0.7142919,-0.5536997,-0.9857428,-1.259571,-1.583858,-1.503537,-2.021492,-1.522216,-0.6891807,-0.7325129,-1.296837,-1.531442,-1.799957,-1.284657,-0.9257036,-1.189223,-1.481894,-2.047826,-1.323038,-1.361982,-1.61622,-1.75762,-1.979144,-1.987187,-1.343487,-1.963903,-1.893153,-1.301579,-1.208677,-1.319497,-1.681879,-1.828604,-1.958946,-1.736633,-1.78021,-1.553461,-1.970392,-1.33929,-1.885169,-1.82897,-2.113611,-1.953113,-1.907347,-1.62474,-1.672416,-1.685685,-1.802717,-1.764759,-1.500859,-1.523167,-1.351803,-1.805562,-2.160569
5.149711,0.3378848,0.2503711,0.5903987,0.4955351,0.5832174,0.5259718,0.5156113,0.4914922,0.7394984,3.559388,0.3407975,0.7177464,0.5645357,0.5306315,0.4920769,0.5374526,3.589438,2.976296,0.7781475,0.8229539,0.6565906,0.6133949,0.6033725,1.272993,0.8883987,1.140161,1.010926,0.7068706,0.6087075,0.09383518,0.6165762,0.3589885,1.23243,1.070908,0.6893566,1.685692,1.853836,0.7611489,0.9764662,0.4755268,0.3627952,0.3942192,0.3697685,0.5171784,1.562356,0.7203094,0.4074269,0.8594601,0.1965187,0.3307726,0.4035901,0.368804,4.144432,-0.2425302,0.3048625,0.3317473,0.4397618,0.5227377,0.553784,0.2552927,-0.1253503,0.2748992,0.1188293,0.6396973,0.6619563,-0.3702199,0.01433433,0.136504,0.3243801,0.6600988,0.08665992,0.4007241,0.6066639,0.7617489,0.7349159,0.6208103,0.5556892,0.7703305,0.2700546,0.4726663,0.8697256,0.9926863,0.9146788,0.7529026,0.7434549,0.8351147,0.7168743,1.180101,1.468615,1.385382,1.114485,1.023593,1.188346,1.398375,2.01484,2.025896,1.739015,1.241478,1.539327,2.190071,2.138549,1.744102,1.708183,0.6941596,1.482883,1.948763,2.157822,1.956079,1.503563,1.05748,0.8208506,0.6489766,0.5111957,0.7579712,1.402994,1.96097,2.266416,1.619379,1.165268,0.8841133,0.7066258,0.5101647,0.6445818,1.402594,2.100026,1.888025,1.134291,0.8935575,0.7180575,0.4797365,0.6570559,1.461415,1.643057,1.107677,0.6924582,0.5112047,0.3929524,0.9454402,0.7808753,0.3650869,0.1232515,0.1088837,0.5401445,0.2983218,0.09601811,-0.08513051,0.111616,0.2782976,0.1979226,0.3315469,0.5055906,0.200075,0.1508241,0.2704343,-0.05922053,0.3773208,0.274824,0.3485717,0.4667507,-0.2105649,0.03855417,-0.247636,0.3193473,0.3446238,0.4731711,-0.04804693,-0.1615771,0.09711879,0.210821,0.264925,0.5720015,0.1466461,0.5119985,0.1938607,0.3089707,0.3842463,0.629775
0.1347804,0.6153958,0.6777455,0.8992077,0.9013265,0.8418578,0.884734,0.9818095,0.8671344,0.8128511,0.8508388,0.9554354,0.9129937,0.8605992,0.8650618,0.8851115,0.8674431,1.053441,0.8867922,0.8630757,0.8200365,0.7961271,0.8342498,0.7759763,0.8426285,0.7544398,0.7906469,0.7727724,0.7235857,0.7297128,0.6691315,0.7664722,0.8187694,0.7903174,0.7524417,0.6865358,0.7628331,0.6464784,0.5395072,0.3359585,0.3039853,0.4019665,0.4733647,0.5973251,0.6907913,0.5710311,0.3001049,0.247684,0.1567367,0.09346319,0.1222839,0.2671756,0.3891478,-0.09454864,-0.03386627,0.03743552,0.2234235,-0.1408966,-0.09629014,0.1994919,-0.3213879,-0.203134,0.03858883,0.01590076,-0.1977865,-0.1038101,-0.2759046,0.4732594,0.1340643,-0.03480616,-0.1804339,0.6489311,0.07141637,0.1547951,0.2395027,0.3681173,0.3914402,0.5034814,0.6290647,1.166938,0.9536608,1.050512,1.000924,0.9400531,0.7765965,0.7174231,0.5582826,1.69134,1.999469,2.156859,1.906655,1.413302,1.195443,1.27207,1.677354,2.492002,2.73375,2.370454,1.818591,1.266965,1.935079,2.092292,2.166623,1.849212,0.8482522,1.060652,1.096704,1.698002,1.858006,1.611156,0.9024812,0.5526403,0.3255369,0.5010254,0.6754846,0.9080071,1.305319,1.910545,2.411116,1.555229,0.6920049,0.2114346,0.2295392,1.097147,1.106119,2.271963,3.653719,3.053239,1.496287,0.4737829,0.008910879,0.4490772,2.48067,3.478337,4.309754,2.5476,0.9599548,0.01536026,2.131548,3.971822,3.200512,1.652743,0.3324817,2.524572,2.633055,1.362037,0.1870173,-0.2719114,-0.2588017,0.1332661,0.6146352,0.8290079,1.56814,1.167044,0.9166362,-0.2938066,-0.2888736,0.04164077,0.4410064,0.8259355,0.3297001,-0.1709706,-0.1961291,0.015049,0.4725314,0.7646088,-0.239248,-0.151014,-0.04582206,0.1928739,0.5076607,0.7421482,-0.177207,0.2004303,0.3472897,0.5929698,0.8299167,0.7902671
-0.6347736,-0.2923952,0.255412,0.4725939,0.05221562,0.1673328,0.3003023,0.4496013,0.5613709,0.6335218,0.6120813,0.2919402,0.2303028,0.08489092,0.1498869,0.2704068,0.3797457,1.274715,0.373316,0.09691666,0.1086002,0.02723649,0.1624122,0.1841489,0.5195964,0.1734467,-0.0003979367,-0.0251228,-0.03214632,-0.01769581,-0.03435608,0.2903475,0.3771201,0.0653716,-0.156863,-0.2090519,1.25936,0.5094618,-0.1344302,-0.438036,-0.1373863,0.02717539,0.2221047,0.3912213,0.6119553,0.6724839,-0.3189948,-0.5261584,-0.5538353,-0.377505,-0.002418296,0.2097441,0.4220411,-0.5857731,-0.7634435,-0.5845371,-0.4455266,-0.3529361,-0.01973349,0.2331986,-0.9549756,-0.8317389,0.2237982,0.004279626,-0.2444583,0.03901993,-0.8299779,-0.6491443,-0.1921089,-0.2664729,-0.1819708,0.5027347,-0.09130861,-0.08598758,0.1631378,0.3038518,0.4230038,0.5574666,0.7081859,0.4748308,0.6044411,0.5060313,0.5261137,0.4264477,0.5143927,0.6177316,0.7837085,1.268597,1.461225,1.273949,1.045884,0.8416921,0.7786722,1.235232,2.16587,2.310648,1.951529,1.527867,1.11641,2.141283,2.359792,2.229175,1.835188,1.709375,0.9953625,1.41648,1.69381,1.75297,1.957732,1.436387,0.9429287,0.6326809,0.51217,0.4686328,0.6238942,0.9550031,1.37948,1.847281,1.737527,0.9095494,0.5962412,0.4673808,0.3313123,0.419417,0.8632855,1.742857,2.211401,1.293777,0.735329,0.490204,0.387752,0.5162078,1.179023,2.189682,1.782693,0.9961281,0.4689846,0.4437877,1.378028,2.078159,1.338217,0.5281259,0.1760308,1.580611,1.329884,0.5836448,-0.001750211,0.05009641,0.2863322,0.3488587,0.2966531,0.4578575,1.210557,0.4522454,0.03928807,-0.110397,-0.1624081,0.06816766,0.1927077,0.3065193,-0.5318242,0.8192412,0.1774836,-0.1507539,0.1824654,0.2684089,-0.502021,-0.4957474,-0.4544719,-0.4181701,0.6105834,0.1887797,-0.7446246,-0.7403412,-0.6028795,0.2440861,0.4682929,0.6170368
0.6456332,0.7286754,0.7242446,0.7112485,0.6436787,0.7279346,0.7828878,0.7586297,0.7703926,0.885372,0.8143041,0.9552811,0.7072732,0.7174751,0.7178811,0.7838373,0.7212178,0.8356419,0.7965,0.7562643,0.7204401,0.7864123,0.7978367,0.7357867,0.6180183,0.6198807,0.756548,0.8727488,0.7833737,0.7284467,0.597415,0.6393522,0.8868297,0.9031653,0.9946563,0.7479084,0.6182318,0.8392323,0.8113293,0.9005815,0.6967627,0.64742,0.5696779,0.491809,0.5514674,0.4568553,0.6447569,0.7462641,0.8300818,0.5594827,0.5417068,0.4824243,0.3991883,0.5306478,0.8635988,1.146305,0.8868076,0.7049262,0.5487958,0.4582556,0.7971938,1.07601,1.236435,1.0835,0.8241595,0.7849705,1.021812,1.174386,1.328268,1.08834,1.018975,0.8183838,1.277617,1.227574,1.144082,0.8186383,0.4977787,0.4327047,0.5356509,0.8907714,1.243741,1.667351,1.488609,1.266443,0.8786079,0.5986768,0.557523,1.692643,2.22032,2.09259,1.733667,1.353792,0.9503596,1.007818,2.205879,2.678471,2.374106,1.727952,1.403857,2.40671,2.466278,1.956644,1.360153,1.299001,2.104561,1.827976,1.863918,1.677205,1.40988,1.286691,1.016253,0.7825323,0.6667588,0.6764717,1.539017,1.62587,1.96185,2.12028,1.705549,1.31966,1.009949,0.8240597,0.708634,1.309541,1.965087,2.573494,2.16096,1.507798,1.209574,0.9081503,0.8107464,1.891968,2.463716,2.58342,1.666425,1.137532,0.9332542,0.7808003,2.340587,1.667585,1.053475,0.780768,0.7216441,1.548819,1.140293,0.8570086,0.6773342,0.6817643,0.7393343,0.7944285,0.7799276,0.7204399,1.074047,1.133354,0.737841,0.6338172,0.6068354,0.673,0.7786715,0.7711616,0.9486246,0.7424964,0.6270497,0.5748852,0.5878022,0.7666675,0.8482769,0.998242,0.7917674,0.7354984,0.5727293,0.6975322,0.7248015,0.7544242,0.6151285,0.6109526,0.5800645,0.6399543
-0.1361232,0.09369158,0.2914934,0.9723673,0.3720237,0.02643496,0.06849146,0.08745863,-0.0381757,-0.007780715,0.3281801,0.5051302,0.6233457,-0.0231453,0.01969778,0.0369275,-0.005970331,0.1916499,0.29565,0.429136,0.4309698,0.08841608,-0.04108856,0.0422729,-0.01853741,0.05843507,0.7506409,0.6912034,-0.009493567,0.05159365,-0.1287307,-0.05898205,0.7506901,0.07777915,1.733618,0.1390267,0.572361,1.22931,0.6251699,0.5407377,0.1244576,0.09204688,-0.02560134,-0.1052719,-0.1637517,0.08894413,0.8395587,0.2567437,0.224529,-0.1141723,-0.1268084,-0.1262677,-0.2231712,-0.07498812,0.5546963,0.1537074,-0.08177193,0.3187293,-0.055284,-0.2113951,-0.2511066,0.2054067,0.2243118,-0.1451059,0.1725754,-0.2380065,-0.03429567,0.2793946,0.1828593,-0.03604243,-0.1409021,0.9970734,0.132426,-0.06980111,-0.2470984,-0.2479489,-0.2191395,-0.191122,-0.1905288,0.4793312,0.06224266,-0.1377345,-0.04615214,-0.01757272,-0.06466802,-0.08589366,-0.1719502,0.2448196,0.04246946,0.21864,0.2473662,0.2552688,0.1828758,0.433556,0.2061502,0.3577881,0.6137952,0.7024251,0.503601,0.0194594,0.3832382,0.6579553,0.6558343,0.6639873,-0.1704318,-0.1403298,0.3871804,0.6976083,0.7832035,0.7609729,0.3329232,-0.01554286,-0.2210204,-0.2438923,-0.117601,-0.07528225,0.2089557,0.7192159,1.164951,0.7159923,0.1095184,-0.2195517,-0.3201502,-0.02254214,-0.001432811,0.5156429,1.13549,1.286737,0.3656857,-0.2491309,-0.388587,0.03938581,0.2711839,0.7366451,1.166122,0.4479351,-0.1521199,-0.4589588,0.5463524,0.6606917,0.2159807,-0.2212471,-0.3356065,0.3528433,0.1170262,-0.09847808,-0.1304974,-0.2445399,-0.3821235,-0.3223626,-0.1826475,-0.07832938,0.2397837,0.2119481,0.05116645,0.1066955,-0.1952542,-0.1681015,-0.1285218,-0.04268696,0.7531676,0.3799969,0.2818504,0.2762018,0.04952603,0.0001313888,0.1261387,-0.03173065,-0.05483143,0.03135626,0.4224867,0.1574991,0.2560277,-0.1672251,0.3588074,1.296881,0.2338164,-0.1038613
0.8799924,0.9280517,1.066663,1.114814,1.144934,1.128888,1.158987,1.169952,1.19946,1.14923,1.248954,1.188723,1.093269,1.0943,1.123486,1.130681,1.167093,1.828281,1.64417,1.195325,1.085065,1.10445,1.155505,1.234633,1.97756,1.657215,1.32153,1.132466,1.19937,1.319838,2.370589,2.030316,1.574057,1.503635,1.287197,1.289575,1.937396,1.416562,1.489794,1.220602,1.476803,1.311989,1.214186,1.19224,1.215566,1.348228,1.122973,1.199961,1.333618,1.511936,1.238958,1.16192,1.224458,0.9618618,1.136782,1.368032,1.270124,1.296793,1.170762,1.210256,0.950497,1.422546,1.803186,1.602347,1.28521,1.185441,1.294731,1.588036,1.954901,1.551795,1.248764,2.076363,1.780426,1.333337,1.243809,1.273477,1.322732,1.368022,1.291667,1.956715,1.843098,1.523759,1.445123,1.390162,1.406802,1.435708,1.417211,1.905231,1.921061,1.781243,1.619192,1.541568,1.57953,1.692738,2.005403,2.12379,1.879352,1.729861,1.715889,1.98214,1.964144,1.826282,1.813532,1.823096,1.913859,1.763249,1.813928,1.803,1.883868,1.799814,1.653057,1.494324,1.334301,1.200354,1.663618,1.63817,1.795489,2.013425,1.977873,1.689055,1.50902,1.351618,1.186396,1.595587,1.742854,2.162436,2.344818,1.925743,1.612034,1.374052,1.234631,1.71231,2.041622,2.547554,2.398058,1.777362,1.411783,1.294259,2.300981,2.586533,2.040574,1.491082,1.297907,2.331661,2.205404,1.591184,1.254504,1.23038,1.269018,1.183679,1.144084,1.225287,1.886286,1.760892,1.523827,1.262653,1.335657,1.19388,1.161858,1.131726,1.380915,1.493802,1.200661,1.235601,1.145412,1.158578,1.11446,1.368638,1.232908,0.9907489,1.24186,1.229903,1.044125,0.9255652,1.101949,1.110775,1.309335,1.236506
1.410215,1.532558,1.666449,1.815974,1.843976,1.862159,1.865364,1.826643,1.849409,1.590368,1.705125,1.773549,1.82238,1.850573,1.878324,1.891017,1.822705,1.710788,1.760372,1.800758,1.819362,1.847709,1.828759,1.746725,1.733757,1.748328,1.761004,1.823089,1.802077,1.782179,1.68431,1.702158,1.724906,1.722206,1.716941,1.751063,1.630081,1.627441,1.651691,1.630181,1.601057,1.596735,1.549819,1.573537,1.777953,1.505779,1.517013,1.530837,1.472897,1.450998,1.500007,1.590331,1.615798,1.379415,1.391391,1.325663,1.312923,1.370734,1.603063,1.65536,1.389149,1.396643,1.492427,1.461843,1.650926,1.769278,1.512426,1.646306,1.650291,1.606329,1.724574,2.000324,1.719231,1.771,1.901373,1.868973,1.717114,1.836663,1.870123,2.241929,2.030735,2.116166,2.174499,2.100263,2.0078,2.019879,2.04767,2.408368,2.620673,2.787894,2.646618,2.484722,2.426791,2.800951,2.975795,3.574242,3.434327,3.077492,2.838169,2.990714,3.610203,3.391368,3.111492,2.997685,2.3289,2.990921,3.207691,3.135653,3.277812,3.276806,2.759639,2.252517,1.852259,1.657182,2.124389,2.669165,3.057822,3.546211,3.880802,3.366244,2.492204,2.069268,1.716316,2.144918,2.923409,3.891522,4.425007,3.940789,2.859198,2.264472,1.919058,2.559694,3.505092,4.418782,4.228738,3.107832,2.373488,2.001147,3.739729,4.013237,3.138653,2.425629,2.08222,3.338412,3.049745,2.210068,1.751978,1.735889,1.838652,1.722052,1.597018,1.762068,2.849797,2.395811,1.84785,1.594419,1.569662,1.66025,1.605797,1.691432,1.889856,1.649892,1.366624,1.476113,1.604193,1.692127,1.715035,1.63082,1.411866,1.38604,1.575336,1.784699,1.500465,1.453937,1.485641,1.730153,1.749864,1.774655
-0.9052644,-0.8992849,-0.5848812,-0.4782164,-0.2858765,-0.1241092,0.05452417,0.01771813,-0.0706446,-0.8902168,-0.751941,-0.5140778,-0.3308676,-0.1995114,-0.1179179,-0.05477721,-0.0974969,-0.6210815,-0.5914702,-0.4611011,-0.2848712,-0.1714454,-0.123954,-0.164418,-0.6719711,-0.6813764,-0.3909639,-0.3986553,-0.2355154,-0.2047585,-0.5683286,-0.6362426,-0.5003797,-0.4806867,-0.5258969,-0.3187211,-0.4848845,-0.567862,-0.53583,-0.3426928,-0.2761354,-0.316187,-0.4113437,-0.3038839,-0.1411212,-0.586167,-0.6120648,-0.6167877,-0.4103093,-0.5203683,-0.5621098,-0.4946555,-0.2770185,-0.6246459,-0.5976971,-0.5354494,-0.3771037,-0.6047388,-0.6539131,-0.399152,-0.6904214,-0.5120399,-0.2980612,-0.2505527,-0.5509173,-0.4766819,-0.4291435,-0.5526243,-0.3170618,-0.2635389,-0.2821825,0.1954826,0.3320055,0.2128564,-0.1291005,-0.1942215,-0.1837653,-0.0944996,0.1384245,0.2726426,0.9042422,0.960297,0.6427387,0.193145,0.03523372,0.06299705,0.2492364,1.109287,1.690433,1.595285,1.134227,0.4567921,0.4212525,0.8744857,1.23845,2.016781,1.883854,1.46376,0.8896533,1.076126,1.423438,1.414585,1.378617,1.346108,0.5727347,0.7386829,0.9743232,1.123007,1.637942,1.110495,0.7276496,0.4726428,0.2343817,0.04464059,0.4450544,0.5145786,1.01391,1.829629,1.526642,0.995164,0.5556754,0.2882892,0.00433724,0.263054,0.5819311,1.872435,2.088129,1.277571,0.6560351,0.3335204,0.001715538,0.3981011,1.192502,2.246145,1.463867,0.7063308,0.3189999,0.01022844,1.383904,1.321553,0.6749701,0.2031,-0.05231063,1.006284,0.6744546,0.1989121,-0.260731,-0.3861824,-0.3571685,-0.2480816,-0.07622868,0.03085148,0.7026602,0.2969015,-0.3984763,-0.6180896,-0.6021321,-0.4698119,-0.2294757,-0.007538917,-0.4566,-0.7149777,-0.8021449,-0.6376085,-0.2451866,0.04006509,-0.782774,-0.744153,-0.7224044,-0.562238,-0.3157412,-0.1250304,-0.8798208,-0.8292829,-0.750617,-0.5504375,-0.4318088,-0.02680338
-0.785267,-0.6508058,-0.4583094,-0.4069435,-0.2912824,-0.2011984,-0.1084481,-0.1959193,-0.1587895,-0.5239684,-0.5230647,-0.4804471,-0.3839957,-0.2688015,-0.1490253,-0.1530813,-0.2237949,-0.4874848,-0.4812207,-0.4577538,-0.3459679,-0.2952112,-0.2131786,-0.3314222,-0.1676635,-0.4982364,-0.4733207,-0.4604194,-0.4717305,-0.5016559,-0.2193889,-0.3946533,-0.6192018,-0.5585047,-0.6903452,-0.6824874,-0.630769,-0.7678189,-0.8480694,-0.735911,-0.6912292,-0.5882096,-0.4007749,-0.2940063,-0.2623244,-0.793645,-1.002607,-1.050897,-0.9804688,-0.7104125,-0.5846008,-0.2861797,-0.1593724,-0.93007,-1.170817,-1.118415,-0.8587883,-0.5710605,-0.3606623,-0.1548736,-1.189463,-1.133765,-0.9790758,-0.4913391,-0.3925465,-0.212403,-1.165041,-1.094979,-0.9044011,-0.7315203,-0.4551554,-0.7447675,-0.7292016,-0.5139711,-0.252128,-0.09425265,-0.07297685,-0.1593586,-0.1736562,-0.6156585,-0.4088958,-0.3068962,-0.1310718,-0.01202773,0.04570201,0.01239948,-0.09801912,-0.3752755,0.189153,0.3191834,0.2731835,0.2456667,0.1892335,0.446435,0.2905024,0.7415481,0.8236668,0.6573838,0.5023695,0.1998419,0.5752428,0.6555128,0.6757949,0.6829816,-0.2252216,-0.01290256,0.4154188,0.5959769,0.6966726,0.6981395,0.2878952,0.007034455,-0.2290554,-0.3727137,-0.355049,-0.01143587,0.366464,0.596768,0.8093071,0.5748148,0.1309815,-0.102369,-0.3473341,-0.4188338,0.2366792,0.533608,0.7173095,0.9671863,0.3563797,-0.02945381,-0.2080938,-0.4177782,0.154904,0.7793773,0.9654586,0.5991216,-0.01467303,-0.2344107,0.435077,0.7697473,0.5407423,0.0319739,-0.2719542,0.6757084,0.3697263,-0.1175773,-0.5781628,-0.4149041,-0.3454521,-0.3411383,-0.428876,-0.284874,-0.1257931,-0.1231423,-0.5868442,-0.6742442,-0.5018075,-0.4520295,-0.4915435,-0.3359058,-0.7219245,-0.7300168,-0.7030861,-0.5816236,-0.4610219,-0.3527077,-1.034408,-1.159503,-0.7778973,-0.6072038,-0.4673062,-0.3377826,-1.065833,-0.9662983,-0.7579545,-0.4376541,-0.4269602,-0.2200256
1.936939,2.094264,2.213419,2.298911,2.367822,2.441719,2.457425,2.446531,2.426065,2.166529,2.295556,2.371044,2.426584,2.460437,2.490769,2.481303,2.43293,2.319746,2.423526,2.44171,2.474834,2.490962,2.496463,2.442556,2.420229,2.465513,2.475605,2.471686,2.479099,2.404655,2.398073,2.458445,2.477293,2.476793,2.403225,2.379374,2.819627,2.394964,2.342448,2.320648,2.303741,2.303121,2.316953,2.285093,2.306335,2.651884,2.337326,2.246881,2.129585,2.064746,2.083564,2.162959,2.140553,2.221408,2.226935,2.147371,2.084795,1.971277,2.047239,2.110037,2.026632,2.116481,2.106171,1.982053,1.956455,2.125271,1.839908,2.179202,2.202241,2.079778,2.02523,2.761036,2.515253,2.429127,2.553761,2.338187,2.209496,2.208382,2.316446,3.240321,3.486816,3.391744,3.189871,2.906289,2.518185,2.26397,2.287441,4.158678,4.058889,4.322712,3.883909,3.273324,2.728655,2.858845,4.436769,5.072013,4.844282,4.244594,3.473293,4.128528,4.909427,4.808711,4.177201,3.499641,2.899346,3.862777,4.421675,4.168979,3.686543,3.443904,2.612588,2.244082,2.209043,2.281221,2.672521,3.59688,4.071603,4.458058,3.777611,3.350893,2.452434,2.136552,2.143329,2.890131,4.064229,5.033949,4.698784,3.947851,3.025368,2.471489,2.083539,3.755455,5.357414,5.656106,4.526799,3.598563,2.75081,2.214944,5.941858,5.137572,3.789855,2.943751,2.251293,5.063754,4.126488,2.928541,2.039853,1.788385,1.898922,1.97966,2.210644,2.391717,4.062685,2.98847,1.871752,1.54945,1.66812,1.880126,2.184488,2.384044,2.037435,1.642007,1.5872,1.769534,2.213539,2.250258,1.776303,1.691352,1.731514,1.921612,2.135097,2.319341,1.716453,1.892874,1.912557,2.148803,2.191572,2.333024
-1.205687,-0.7224149,0.801405,1.971163,0.6809254,-0.4379965,-0.7762079,-0.8929965,-0.912386,-0.5275692,2.35163,2.774253,1.177102,-0.5069902,-0.7301134,-0.7412077,-0.7185203,1.53096,2.474933,1.267785,-0.3644432,-0.634494,-0.489633,-0.4210634,-0.1666528,0.0772752,0.7432728,0.5758179,0.499478,0.8003702,-0.6513835,0.1187523,1.808729,3.089478,1.627568,1.383208,2.279208,3.082705,3.13599,2.261304,2.230788,0.3287389,-0.6215986,-0.789187,-0.986445,-0.8396086,-0.2230315,-0.1022113,-0.5991173,0.5964688,-0.5495802,-0.854587,-1.052237,-1.49342,-1.235692,-1.426529,-1.308655,-0.9592163,-0.8021625,-0.945288,-1.477149,-1.394036,-1.357482,-1.169326,-1.254456,-1.066798,-1.411103,-1.414561,0.08780029,-1.166881,-1.169563,-0.5593334,-0.8081331,-1.066664,-0.7629362,-0.8423805,-0.8743503,-0.903202,-0.9003978,-0.8200634,-0.4789328,-0.7806103,-0.7468268,-0.6911347,-0.7074592,-0.8584772,-0.960685,-0.8434762,-0.4629436,-0.3625432,-0.3320973,-0.5374792,-0.6556823,-0.6319938,-0.437229,-0.09820467,0.1128555,-0.1076244,-0.4506637,-0.4588179,-0.0465821,0.04002009,-0.1728262,-0.404782,-0.6415308,-0.6717641,-0.1602952,-0.1679908,-0.3335441,-0.5099011,-0.7883072,-0.8314242,-1.028901,-0.9611869,-0.9828494,-0.3400499,-0.2826051,-0.2178247,-0.3007074,-0.6068171,-0.8408745,-0.9037541,-0.8761507,-0.845783,-0.5706015,-0.1629647,-0.105255,-0.4213222,-0.6589529,-0.9034525,-0.8282004,-0.5959806,-0.4018834,-0.1391747,-0.3143602,-0.5796704,-0.871104,-0.9565672,-0.2610521,-0.2993318,-0.7218349,-1.077922,-1.137258,-0.4389745,-0.6888233,-1.139037,-1.401461,-1.293143,-1.076409,-0.548645,-1.024053,-0.9381648,-0.657595,-0.6285897,-1.119309,-1.490852,-1.199509,-0.8163841,-0.8137,-0.8310578,-1.38717,-1.519828,-1.076315,-1.032369,-0.7534257,-0.664268,-1.42001,-1.401187,-0.9592313,-0.9644396,-0.3276599,0.3249508,-1.38939,-1.218578,-0.9977835,-0.1398677,0.6695163,-1.011139
-0.2817854,-0.1751737,-0.3077216,-0.2518457,-0.2371417,-0.2892696,-0.2025068,-0.2827519,-0.3703209,-0.01846007,-0.3060941,-0.4330182,-0.4305421,-0.3624931,-0.3041602,-0.2353367,-0.2224388,-0.2154406,-0.3631814,-0.4115823,-0.4508483,-0.372389,-0.2241294,0.06770613,-0.1611218,-0.35746,-0.4238465,-0.3426186,-0.06081242,0.3941655,-0.1766875,-0.1451077,-0.181581,-0.2356257,0.03712195,0.4239472,0.3335661,0.1454295,0.4549678,0.7778889,2.123805,0.9414997,0.1188772,-0.1815636,-0.3301982,0.6932235,0.605801,2.09006,2.047616,1.240085,0.744045,0.1197941,-0.2603035,0.1155844,0.4177347,1.421247,0.5597122,0.1217379,0.1058054,-0.121237,-0.2427141,0.04634785,0.564022,-0.06724359,-0.04774789,-0.2155055,-0.3492121,-0.264523,-0.03113005,-0.1190863,-0.2631927,-0.09263884,0.0953315,-0.2212966,-0.4411881,-0.3704046,-0.3462442,-0.3507886,-0.2317569,-0.3430242,-0.1079233,-0.08909875,-0.2606238,-0.4127231,-0.2724337,-0.09566076,-0.09453303,-0.3074525,0.2083191,0.226142,0.1359273,0.07476,0.3424764,1.267949,0.5770208,0.8560036,0.5024135,0.5760442,0.9112567,0.5971662,0.6894537,0.884578,1.36089,1.608191,-0.574532,-0.3069364,0.5734378,1.487859,2.044098,2.049703,0.9781743,0.6071985,-0.08092046,-0.3145495,-0.4015532,0.5415551,0.9932094,1.681503,2.285786,1.616442,0.7281253,0.3945394,-0.07018158,-0.1085984,0.7501719,1.169847,1.778601,1.706761,0.8558321,0.2622701,0.1702948,0.7823741,1.376514,1.100474,1.357719,0.727564,0.1584499,0.05609043,1.087468,0.8857936,0.4535944,-0.1397964,-0.1341284,0.2388057,0.211584,-0.1706056,-0.2866914,-0.01525013,0.1864167,0.1083274,-0.1318761,-0.2456718,-0.2118778,-0.03554464,-0.04410164,0.3638081,0.5454959,0.4128948,0.0099861,-0.1363696,1.511756,0.3805465,0.8781741,0.4665923,0.02856474,-0.1470554,-0.5968019,0.6218596,0.9654629,0.5094725,0.187719,-0.0313739,-0.5498258,0.02933475,0.09991311,0.2525055,-0.04398462,-0.3653951
-0.2984851,0.0713108,0.1739674,0.3479002,0.5359529,0.6396369,0.7145926,0.8130789,0.8856696,-0.2103158,0.02547062,0.3024463,0.302076,0.5610766,0.6744659,0.804355,0.8598972,0.1313689,0.04083818,0.2328668,0.2947123,0.5786878,0.7471583,0.9125072,0.1490859,0.1811724,0.3920966,0.4288003,0.6339531,0.8389735,0.2076495,0.2183579,0.2252601,0.3272264,0.5175183,0.7250625,0.3884603,0.2064615,0.3249381,0.8405902,1.122866,0.968726,0.9753984,1.006357,0.9918324,0.334215,0.06241248,0.484705,0.8615439,0.9210291,1.022793,1.023292,1.095575,-0.4408248,-0.08285058,0.5828891,0.7072501,0.8261505,0.9936606,1.222684,-0.2283348,0.2071989,0.2933919,0.6290461,0.8503714,1.052364,0.2795734,0.4354956,0.609088,0.6832945,0.8936422,0.9003034,0.5932014,0.7063791,1.172487,1.200649,1.223538,1.163224,1.013048,1.527286,1.062165,0.9201223,1.249403,1.466444,1.446063,1.269111,1.090098,1.879087,1.460978,1.604455,1.666976,1.633748,1.333964,1.186946,1.962987,2.095723,2.194206,1.841398,1.452855,1.892568,1.911491,1.65903,1.629682,1.347677,1.508331,1.352662,1.410724,1.425066,1.532191,1.304349,1.162906,1.129799,1.060345,0.9394791,1.252177,1.19604,1.285605,1.899779,1.91083,1.406397,1.192214,1.07794,0.9114956,1.139006,1.311792,2.428056,2.682473,2.082022,1.361616,1.170708,0.9961334,1.471162,2.081335,2.927804,2.625159,1.648937,1.278768,1.085024,2.692822,2.480738,1.626466,1.173142,1.067025,2.325218,1.379275,0.7605646,0.7081085,0.9051605,0.8972768,0.7921028,0.7738733,0.8529897,1.521157,0.5932359,0.3775777,0.5430006,0.6425637,0.7118102,0.7035192,0.7343318,0.08430397,0.09844578,0.2869175,0.5049279,0.6551684,0.6879086,-0.05095736,-0.1014423,0.01185221,0.3553058,0.6330827,0.6496785,-0.1773653,-0.09286352,0.2191063,0.4638712,0.5301222,0.9160559
0.9694453,1.009171,1.057958,1.121105,1.109413,1.087363,1.225368,1.359091,1.555987,1.114006,1.107592,1.255741,1.24204,1.125664,1.183849,1.270726,1.434524,1.248647,1.381639,1.250087,1.163738,1.196092,1.197323,1.343528,1.332479,1.108265,1.156181,1.196815,1.199052,1.207565,1.523136,1.326467,1.158703,1.152415,1.146298,1.199499,1.314794,1.302168,1.143295,1.102339,1.188692,1.292789,1.426041,1.535568,1.735443,1.183583,1.092265,1.092291,1.155098,1.171681,1.454448,1.613796,1.792253,1.007596,1.04727,1.158969,1.151191,1.243945,1.579914,1.91352,1.041514,1.121863,1.228816,1.224028,1.634911,1.995926,1.141989,1.382871,1.521057,1.74548,2.009474,1.96649,1.936313,2.282273,2.631552,2.38168,2.051255,2.145675,1.787323,2.141572,2.152491,2.533396,2.847778,2.802106,2.348381,2.146354,2.207758,2.385749,2.697204,2.851763,2.939212,2.69932,2.378814,2.385078,2.857917,3.091172,2.978447,2.738067,2.544069,3.080597,3.106125,2.779758,2.630134,2.512878,2.704946,2.680332,2.648416,2.591016,2.567844,2.551901,2.495957,2.313375,2.143582,1.880728,2.071599,2.30899,2.417798,2.60756,2.776184,2.791331,2.751501,2.572239,2.066001,2.006365,2.292296,2.86763,2.966046,2.954215,2.985932,2.896973,2.450623,2.120534,3.047389,3.557215,3.116643,2.832912,2.814715,2.651497,3.395239,3.561145,2.928093,2.521758,2.386373,3.271017,2.940679,2.465677,1.963565,2.112763,2.063514,1.814354,1.700612,1.562443,2.882907,2.310135,1.954821,1.544072,1.464892,1.387005,1.435982,1.407006,1.688218,1.648891,1.23103,1.074218,1.229294,1.213121,1.202678,1.263573,1.205996,1.052453,1.156403,1.151193,1.054265,1.039589,1.080226,1.088957,1.080096,1.736447
-1.17484,-1.018616,-1.123621,-1.140724,-1.183483,-1.073925,-0.8106185,-0.9573312,-1.098703,-0.6850629,-0.7122623,-0.900235,-1.0811,-1.11115,-1.001662,-1.043266,-1.208148,-0.2021912,-0.6462688,-0.8335447,-0.9171512,-1.052612,-0.9793414,-1.271532,-0.2642322,-0.6628428,-0.8356677,-0.9920505,-1.168679,-1.21258,-0.2980691,-0.2872585,-0.5924072,-0.8372353,-1.112539,-1.264557,-0.08033448,-0.6507125,-1.088343,-1.278615,-1.486047,-1.600766,-1.562812,-1.29502,-1.078582,-0.4712462,-0.9087222,-1.386762,-1.520987,-1.749994,-1.739877,-1.358757,-1.374186,-0.9193199,-1.406653,-1.706565,-1.771473,-1.456954,-1.46428,-1.597166,-1.269176,-1.468186,-1.794556,-1.65985,-1.602366,-1.60967,-1.253489,-1.261864,-1.547266,-1.618562,-1.609518,-0.9114196,-1.13501,-1.335898,-1.314965,-1.28641,-1.132307,-1.212013,-1.03961,-0.1936337,-0.689324,-0.4890058,-0.4466271,-0.7402238,-0.738494,-1.009947,-0.9615287,0.06204218,0.1556247,0.303289,0.05374926,-0.2185095,-0.4227096,-0.05710702,0.4063106,0.7082736,0.6748341,0.4930191,0.3240315,0.8159934,0.6642122,0.7439899,0.76262,0.6716846,0.4497071,0.4471498,0.5671744,0.8534698,0.8831885,0.3573035,-0.3545447,-0.7393289,-1.117494,-1.269383,-0.08657978,0.4369593,0.9088352,0.9847543,0.5339848,-0.09221032,-0.7270018,-1.093796,-1.415383,-0.009107998,0.8475118,1.180045,0.6916542,-0.2092946,-0.8900324,-1.170118,-1.438674,0.5632969,0.977149,0.8142141,-0.06422931,-1.149097,-1.056745,-1.395406,0.1003139,-0.4827214,-0.8867559,-1.263721,-1.568514,-0.4088474,-1.004228,-1.166482,-1.163461,-1.57247,-1.667029,-1.557571,-1.100573,-1.050037,-0.4781156,-1.369959,-1.637243,-1.649407,-1.588967,-1.530098,-1.419633,-1.154859,-1.619749,-1.742522,-1.834259,-1.598737,-1.513451,-1.141876,-0.5638359,-1.721071,-1.780707,-1.562639,-1.279444,-1.173802,-1.320058,-1.42707,-1.296591,-1.315089,-1.26594,-0.9369277
0.2851042,0.2272923,-0.334597,-0.3135653,-0.4915277,-0.4268529,-0.4096191,-0.3601273,-0.3265106,0.3797387,-0.104009,-0.1759185,-0.5434645,-0.5006392,-0.4010088,-0.4415641,-0.4306673,-0.2067402,-0.3399958,-0.4493778,-0.5367779,-0.4992026,-0.4672006,-0.4529257,-0.458767,-0.5143817,-0.592265,-0.4743548,-0.4906667,-0.4259803,-0.4007288,-0.4877741,-0.3907296,0.05990817,-0.398404,-0.480102,-0.06832378,-0.07783547,-0.05934345,-0.3457903,-0.5790406,-0.5791819,-0.4757268,-0.377483,-0.2887835,0.647072,0.09036686,-0.2844151,-0.6528389,-0.6469936,-0.7006412,-0.3674786,-0.2231232,0.03002973,-0.5555043,-1.016543,-0.8982697,-0.8696987,-0.6090748,-0.1106519,-0.6721621,-1.137319,-1.298961,-1.172976,-0.8678045,-0.185142,-1.06577,-1.175255,-1.15969,-0.8121821,-0.7535133,-1.204359,-0.7830125,-0.2369397,0.2786807,0.2819764,0.0995756,-0.09140407,-0.2435873,-0.9606537,-0.7833744,-0.09436354,0.4420682,0.6131638,0.5140613,0.2357924,-0.06123207,-0.4778453,-0.1905652,0.5109206,0.9396757,0.8806111,0.6047602,0.4817358,0.07340236,0.6803086,1.193111,1.234947,0.8843994,0.5677996,1.123578,1.44321,1.320058,0.8813084,0.1631412,1.040804,1.401589,1.42629,1.017628,0.6305857,0.2014994,-0.06387602,-0.2011345,-0.3837261,0.4278743,1.230032,1.361784,1.29077,0.7683402,0.4252775,0.07169475,-0.191084,-0.3734331,0.3739033,0.7996961,0.9080333,0.6250135,0.2526278,0.0127645,-0.1586156,-0.3484249,-0.1584213,0.3642535,0.2532456,-0.04669739,-0.2139341,-0.2683308,-0.4686868,-0.299181,-0.4688371,-0.7302678,-0.9180346,-0.7677282,-0.5533482,-0.9129081,-1.20836,-1.189368,-0.9379642,-0.7134067,-0.6073713,-0.4840796,-0.4142287,-0.7686892,0.3517916,-1.100572,-1.099953,-0.7443298,-0.7294785,-0.5530987,-0.4426433,-0.7997811,-1.093778,-0.6353728,-0.5517418,-0.6186469,-0.4988779,-0.7524102,-0.7145966,-0.5551067,-0.3741083,-0.5338306,-0.4660491,-0.4149428,-0.2310649,0.08292687,-0.02569159,-0.3833337,-0.386932
1.580251,1.189969,0.8336638,0.7045518,0.7326276,0.7588557,0.6858604,0.6635255,0.6743711,1.453498,0.9428583,0.7245902,0.6904767,0.6818653,0.6850921,0.6671644,0.657183,1.125634,0.8261811,0.7087178,0.6869569,0.6071863,0.6166345,0.5959183,0.8954988,0.7550888,0.656765,0.5798644,0.5732543,0.5984117,0.9803693,0.8092207,0.7386292,0.5869807,0.5128822,0.5765578,0.8996498,0.8571832,0.8228948,0.6117805,0.6337497,0.6607093,0.7737434,0.7104189,0.6457374,1.395132,1.104755,1.029276,0.8691344,0.7253422,0.9709014,1.007681,0.7622594,1.429649,1.343824,1.269546,1.243439,1.086574,1.218613,1.104156,1.579581,1.631665,1.808482,1.503468,1.233521,1.323398,1.779188,2.10876,2.051801,1.664,1.338712,2.334395,1.849316,1.474781,1.322178,1.214831,0.9222129,0.7358737,0.7557943,2.387014,2.16099,1.716116,1.470922,1.310672,1.115399,0.9215406,0.9002926,2.53595,2.163961,1.777525,1.555105,1.408352,1.109808,1.153744,2.545502,2.289558,1.930182,1.658032,1.369556,2.368577,2.115984,1.873856,1.634128,1.393731,2.096754,1.930124,1.892313,1.758896,1.643946,1.385577,1.173056,0.9871881,0.8659803,0.7360585,1.874056,1.806781,1.840063,1.912941,1.751152,1.437064,1.181513,1.060938,0.7914107,1.848151,1.84772,2.151449,2.111469,1.759028,1.437288,1.37348,1.166303,1.934733,2.107253,2.238204,2.057871,1.588445,1.446078,1.506768,2.130916,2.061747,1.693787,1.489496,1.497664,2.107715,1.850275,1.622042,1.42905,1.468848,1.425443,1.024394,0.7010093,0.6774135,2.07207,1.957193,1.526924,1.177717,1.093306,1.122445,0.8619399,0.6688878,1.825617,1.240249,0.9137524,0.8539057,0.8333165,0.7293339,1.771493,1.510577,1.096225,0.8198988,0.8077446,0.7954319,1.648169,1.292448,0.9843012,0.8012918,0.7319019,0.6898814
