1.046278,1.126595,0.2437725,-0.1481456,-0.5917847,-0.5909243,-0.6604892,-0.6550404,-0.6281903,0.9252881,0.7858198,-0.1002408,-0.5904526,-0.7548054,-0.7288207,-0.5885839,-0.824113,1.457186,0.5254601,-0.2968124,-0.6510109,-0.7525681,-0.6775204,-0.5636703,0.8517722,0.1549831,-0.3574696,-0.6143575,-0.5210063,-0.2042391,1.083313,0.6959828,0.236198,-0.0756629,-0.2672345,-0.1180536,1.015147,0.6624424,0.5805888,0.759153,0.2497108,-0.3114057,-0.7438661,-0.931205,-0.7724417,0.6931105,0.8277842,1.93641,1.659137,0.6413791,-0.09879418,-0.9046875,-1.172794,1.353369,2.141586,1.202973,1.438268,0.7233427,-0.3937047,-1.024199,1.999492,0.3328957,1.847089,1.947835,0.3361305,-0.582777,1.218416,0.984474,1.051984,0.7198724,-0.2516913,0.1477883,0.1494097,-0.3121043,-0.6843436,-0.9570974,-1.155116,-0.9365848,-1.038258,0.3459785,0.2851943,-0.09151273,-0.5676262,-0.8873392,-0.9709895,-0.8981465,-1.011787,1.060297,0.7020112,0.3616164,-0.2559244,-0.6589479,-0.7985469,-0.316749,1.34998,1.00641,0.4067388,-0.1729328,-0.5038432,1.906769,0.7569387,-0.09127306,-0.3734672,-0.551683,2.331186,1.745254,0.7251191,-0.1525526,-0.4578532,-0.6499169,-0.9364863,-1.146,-1.018723,-0.9701006,2.283448,1.680791,0.6634089,-0.04021354,-0.2245973,-0.7385782,-0.9946415,-1.103972,-1.090635,1.933623,1.190637,0.5258,0.08382437,-0.3090365,-0.8559106,-0.9878531,-0.6809583,1.329884,0.998328,0.8030785,0.5309215,-0.3562215,-0.9410082,-0.638231,1.704391,0.9861362,0.423897,-0.360775,-0.390686,1.031961,1.034954,0.1937679,0.480593,0.2881833,-0.1862721,-0.707543,-0.8254801,-0.9303926,1.8548,-0.1672153,0.4506801,1.451767,1.431289,0.2702467,-0.6442468,-0.7028699,0.5535128,1.001279,1.048743,1.058473,0.05867007,-0.694849,0.9360209,1.594802,2.141212,1.63337,0.5015293,-0.3544549,1.257876,1.624657,1.149371,0.3657238,-0.3093497,-0.8638455
0.6077747,0.9483528,0.8876727,0.4035236,-0.3261667,-0.567387,-0.7668164,-0.7911597,-0.6909676,3.009427,2.196814,1.515485,0.3956328,-0.4126981,-0.6135814,-0.83788,-0.7422228,1.327984,1.520164,0.8975113,-0.09874961,-0.4886753,-0.5762171,-0.7689554,0.6150851,1.253154,0.4447457,0.1335609,-0.1213683,-0.5205212,2.641591,2.20301,1.665703,1.321868,0.4794633,0.1524116,1.186294,1.437447,1.568989,0.7303007,-0.1048163,-0.4337063,-0.6918044,-0.577426,-0.6591612,0.9201776,0.8487663,0.8297993,0.1022061,-0.1944179,-0.539453,-0.4834806,-0.6077537,0.4341101,0.3478327,0.5730124,-0.1435618,-0.4614037,-0.1035512,-0.3485487,-0.02530709,0.03688995,0.2433475,-0.1787141,-0.3494741,-0.217797,1.218806,1.584289,0.8931462,0.4766605,-0.1180761,2.310657,0.9324896,0.02955533,-0.2028417,-0.3727916,-0.4523996,-0.5148495,-0.5843517,1.049536,0.119083,-0.01795115,-0.168965,-0.3066025,-0.3367564,-0.2850817,-0.5050203,0.7505406,0.4139999,0.2915128,0.03741206,-0.1113207,-0.3191487,-0.104839,0.6041589,0.6526343,0.7364156,0.4686532,0.05637361,0.226047,0.5117979,0.5644029,0.4841042,0.3064232,0.2453207,0.1558113,0.3198751,0.4608358,0.4294057,0.07080328,-0.2387945,-0.478782,-0.6907436,-0.7100267,0.0812635,0.1456959,0.3100787,0.5549959,0.3164255,-0.185132,-0.4630411,-0.6907979,-0.6296179,0.03189602,0.1312452,0.5430781,0.6844917,0.1253622,-0.3914714,-0.708417,-0.743557,-0.760127,0.6404633,0.6890185,0.4926086,-0.2648294,-0.6559722,-0.752942,0.7987073,0.4661473,0.04411392,-0.5152622,-0.8209993,0.386713,0.02949433,-0.5082626,-0.9318011,-0.9268312,-0.8668716,-0.5736646,-0.8583221,-0.8235628,0.2587184,-0.2635289,-0.5931754,-0.9782116,-0.8977053,-0.8668036,-0.7124257,-0.760223,-0.4180924,-0.684607,-0.5656729,-0.3766178,-0.786654,-0.7350236,-0.169896,-0.3462651,-0.2336364,-0.1985227,-0.2931669,-0.6066411,0.01217695,0.1383234,0.3165748,0.2948831,-0.2627186,-0.8032943
-0.0183107,0.07278226,0.06136823,-0.04526374,-0.1707055,-0.1808562,-0.1656709,-0.1073263,0.001444103,0.07765106,0.4408661,0.1811099,-0.07527882,-0.1079849,-0.1148262,-0.1075746,-0.1737617,1.227957,0.3087656,0.07997169,0.03467304,-0.07539977,-0.15861,-0.1646565,1.369079,0.4309111,0.1338189,0.006168024,-0.07731689,-0.1722977,1.205411,0.5728547,0.1451694,0.1348964,0.03331192,-0.1078353,1.252172,0.6707008,0.1459777,-0.05715533,-0.07306658,-0.1929841,-0.3840386,-0.3793082,-0.3184059,0.6966518,0.2114523,0.04370402,-0.03616922,-0.2149114,-0.47047,-0.4646363,-0.5927249,0.2571542,0.06171216,-0.1995124,-0.3947575,-0.4816312,-0.3818466,-0.5832098,0.06599013,-0.04978915,-0.3419195,-0.4700257,-0.381271,-0.2915346,-0.03350326,0.1091267,-0.3329091,-0.5579748,-0.3850573,-0.1595661,-0.5468903,-0.5732584,-0.4500043,-0.5628304,-0.7445636,-0.6765484,-0.5295627,0.1204132,-0.2523583,-0.4461451,-0.4708892,-0.5667747,-0.8421429,-0.8596329,-0.8445672,0.05126023,0.1535502,0.1810929,-0.2630533,-0.6276574,-0.913165,-0.5563419,0.6625139,1.266642,1.116074,0.08394996,-0.4852879,3.633511,2.505511,1.373663,0.4468786,0.2728319,2.427846,4.339737,2.971573,1.808514,1.560106,0.4423497,-0.4860888,-0.8851986,-0.9502391,-0.837149,3.185844,3.416986,3.565459,2.855045,1.710627,0.4650322,-0.4705562,-0.8567114,-0.8727753,2.596591,4.632532,5.266326,3.493216,1.662544,0.4336118,-0.5246047,-0.5544524,5.137057,5.323887,5.153272,2.954027,0.9564081,-0.4379356,-0.420655,1.750747,2.106096,0.9530047,-0.1085553,-0.5389114,-0.008890376,0.1172371,-0.3791168,-0.8793693,-0.7715704,-0.5485168,-0.561952,-0.5320032,-0.3104795,0.2443495,-0.1191084,-0.3154016,-0.8661793,-0.7270162,-0.4873856,-0.4110712,-0.3078786,-0.07924046,-0.3790682,-0.6055594,-0.5249353,-0.3974617,-0.2788728,0.04327515,0.009840745,-0.2933404,-0.2655485,-0.3227158,-0.1948429,-0.09008559,-0.09433068,-0.1477019,0.0131797,-0.1794297,-0.3823782
0.3441453,0.2352155,0.3440137,0.1713112,-0.2630755,-0.5349939,-0.6351603,-0.2808492,-0.241912,0.6407884,0.8793945,0.4393635,-0.4652829,-0.5909783,-0.7496756,-0.5309048,-0.3207664,0.4973516,0.9986218,-0.2909553,-0.6565939,-0.7409563,-0.6469341,-0.6696876,0.9824597,0.2277678,-0.4235291,-0.527516,-0.8551255,-0.7060615,0.803703,0.3106971,-0.1884968,-0.3533643,-0.4054392,-0.8264053,0.4995598,0.08310141,-0.2661448,-0.5762834,-0.6041567,-0.3960578,-0.7152167,-0.6935416,-0.4010195,0.3918841,0.1327942,-0.2001906,-0.4185522,-0.9440141,-0.9484969,-0.9669195,-0.8133639,0.3602995,0.02414966,-0.2355248,-0.5766543,-0.8325673,-0.9216957,-0.7776623,0.305706,0.08808152,-0.3699446,-0.5524589,-0.8114504,-0.7985964,0.4103252,0.2970187,-0.1319124,-0.4610722,-0.8567072,0.5976371,-0.01389792,-0.4780645,-0.5938261,-0.6631336,-0.6511583,-0.5874287,-0.3260742,1.565689,0.4902491,0.01192385,-0.2298021,-0.280258,-0.3121906,-0.3525307,-0.2338112,1.332216,0.5696853,0.2336874,0.1682583,0.01943853,-0.06614009,0.2432625,1.305927,1.065124,0.7158413,0.458228,0.2890926,1.973775,1.260035,0.7943295,0.5281773,0.4263662,2.681734,1.896343,1.123296,0.6639999,0.6168211,0.6195574,0.3292409,0.065042,-0.132185,-0.2559692,2.181172,1.258544,0.7735015,0.740374,0.8891745,0.8452962,0.3388418,0.008090212,-0.2297385,1.208316,0.9431135,1.038132,1.221054,1.217063,0.7317497,0.222957,-0.1116325,1.121662,1.03092,1.333204,1.329561,0.8346341,0.3098635,-0.07471396,0.9611808,0.9846689,0.6420352,0.2214715,0.04421967,0.7806754,0.359478,0.06749099,-0.3198678,0.03941175,-0.2172407,-0.2341747,-0.2821774,-0.06929433,0.8827994,0.2521761,-0.378724,-0.4260527,-0.4979749,-0.2958157,-0.3050598,-0.2321261,-0.4372458,0.3328187,-0.4279174,-0.3595368,-0.3662993,-0.4738976,0.9050776,0.1308876,-0.05118303,0.5453872,-0.1394615,-0.3370039,0.2173771,-0.1572432,0.1158592,-0.1469428,-0.1395471,-0.1974817
1.523671,1.27432,0.8895934,0.5391427,0.493004,0.5162152,0.6068001,0.8485315,0.9672183,1.595243,1.212461,0.6185385,0.3666044,0.2643965,0.3726546,0.6951153,0.6873059,1.713055,0.9941851,0.4068657,0.1721725,0.2419778,0.4062818,0.5944589,1.308313,0.747938,0.3614559,0.2459739,0.2919812,0.5121946,1.424856,1.155051,0.7328459,0.4813812,0.3940429,0.475569,1.415992,0.9709285,0.6760191,0.5914161,0.6096039,0.6319379,0.4026901,0.3283754,0.6330433,1.556216,1.167997,0.7889124,0.5434137,0.3418013,0.05283136,-0.04315878,-0.07129694,1.321165,0.8892213,0.3194006,0.2019463,-0.2606447,-0.3620228,-0.3696366,0.7346328,0.1561494,-0.1827271,-0.346435,-0.4905234,-0.545567,0.2829341,-0.07679376,-0.2949748,-0.4897871,-0.5903221,-0.1288041,-0.3826218,-0.4524913,-0.4715314,-0.491714,-0.4294963,-0.03758785,0.6430938,0.2789604,-0.05231464,-0.2607305,-0.3436856,-0.3178054,-0.4133468,-0.2894963,0.03668441,0.2174759,0.1418214,0.1072987,-0.08162396,-0.2667036,-0.2674446,-0.07206745,0.5301801,0.7334353,0.4005038,0.164318,0.02642534,0.6578928,0.641246,0.4364249,0.3698107,0.2386456,0.2812931,0.3350118,0.3479318,0.4255866,0.4092595,0.06268734,-0.2343598,-0.2912114,-0.03661439,0.4875706,0.1563081,0.2612077,0.3848582,0.5881798,0.3162985,-0.09960265,-0.3686082,-0.3749306,0.04491268,0.1727448,0.3013106,0.6891744,0.7055855,0.03134061,-0.3196118,-0.453617,-0.3083927,0.223139,0.6001712,0.8156377,0.2531987,-0.3195253,-0.5812889,-0.5331054,0.5315788,0.2044149,-0.2416453,-0.5891414,-0.6454377,0.2497606,-0.1242488,-0.5177692,-0.5586872,-0.4709494,-0.3030621,0.04434425,0.4224836,1.004561,0.1285343,-0.09565884,-0.3455797,-0.0923549,-0.1076815,0.2099162,0.4848784,0.7651314,0.9079767,0.07163879,0.3229233,0.783278,0.7936412,0.7105078,0.3143357,0.3481481,0.3660129,1.05423,0.887368,0.6838489,1.237635,1.015894,0.8883929,0.8284096,0.5998698,0.8455844
0.5439761,0.7569953,0.9168329,0.11636,-0.3327762,-0.783915,-0.8894622,-0.8228986,-0.688863,1.89847,1.635697,0.7416989,-0.3364484,-0.8062819,-0.9327043,-0.9189759,-0.7364868,3.71937,0.7771465,-0.2418102,-0.5224853,-0.8063254,-0.9158,-0.6834505,1.609648,0.2304299,-0.2963271,-0.5301754,-0.7493808,-0.673706,2.13649,0.8439204,0.2386654,-0.1797491,-0.3473205,-0.5899848,1.170845,0.4791542,0.2310118,-0.02139619,-0.2469236,-0.1354083,-0.5227992,-0.6800592,-0.6732296,0.5196068,0.2974306,0.129559,0.09490659,0.9398014,0.02192645,-0.5045633,-0.522804,0.3846781,0.1972014,0.3571573,0.2331521,0.7262139,-0.1388458,-0.3849217,0.3473633,0.3148296,-0.1628124,-0.2022849,-0.2449459,-0.3519881,0.5116424,0.3783949,-0.2364153,-0.4702554,-0.5353147,1.240256,-0.2768288,-0.4767483,-0.2132034,-0.2273384,-0.357613,-0.4497301,-0.5143586,1.2851,-0.07009518,-0.1535271,-0.1417881,-0.06528375,-0.2499543,-0.3757696,-0.5002301,0.4374932,0.2621511,0.1944494,0.1872613,-0.0004519552,-0.2192496,-0.1728029,0.8342571,0.6830891,0.4667308,0.2357361,-0.003350929,1.453341,0.7972745,0.3783195,0.1115211,-0.05025796,1.443838,0.9670313,0.5010332,0.1878226,0.03975912,-0.1343841,-0.2705543,-0.4442897,-0.5217324,-0.6285115,0.8229883,0.7056178,0.5820164,0.325146,0.1520892,-0.1406596,-0.3236905,-0.4366342,-0.6162774,1.329603,1.342956,1.059828,0.4322165,0.05762343,-0.1864486,-0.325031,-0.4606049,2.327053,1.653905,0.9270897,0.2598,-0.2053941,-0.3438317,-0.4206301,1.257905,0.3561853,-0.1666475,-0.4872981,-0.5555633,0.8822359,0.1490208,-0.3952677,-0.5089029,-0.3750114,-0.4211138,-0.6162115,-0.7131766,-0.6792893,0.4558831,1.202819,-0.2975668,-0.4032437,0.198752,-0.3058092,-0.6301476,-0.7401366,0.2149712,-0.1696845,0.3920893,0.420345,-0.3049747,-0.7077514,0.2717044,0.02835076,0.2308462,0.3703107,-0.04951191,-0.4042089,0.5018445,0.1875779,0.3664555,0.2057327,-0.08232035,-0.6940445
1.040223,0.8033248,0.3803931,0.8151566,-0.6624679,-0.7029852,-0.5678571,-0.256853,-0.1058126,1.147025,0.6612569,0.3677148,-0.3223687,-0.8075047,-0.7632912,-0.6098521,-0.3458888,0.7847071,0.853774,-0.02739079,-0.5868775,-0.7443585,-0.7883427,-0.6148804,0.4762292,0.01002111,-0.2911908,-0.5336121,-0.5275295,-0.6076112,0.603633,0.2672472,0.07594441,-0.1770563,-0.2931357,-0.4689451,0.8716323,0.675787,0.4687911,0.1912819,-0.2431307,-0.216592,-0.009121844,0.007247174,-0.2657409,1.384513,1.079708,0.5075823,-0.04984052,-0.277429,-0.1063804,0.19333,0.1139211,1.416853,0.754341,0.1767131,0.6823499,0.6164743,0.9281307,0.2864812,0.5862687,0.3523771,0.8482156,2.672771,1.39699,0.4832948,0.4086099,2.101299,0.1399811,1.321461,0.4039188,1.235854,0.302409,-0.5530091,-0.2603423,-0.218847,-0.1304394,-0.3283303,-0.5683074,1.226763,0.3266828,-0.3624223,-0.4760349,-0.454075,-0.5165365,-0.5880554,-0.6360309,0.9512511,0.01729863,-0.1264005,-0.3533276,-0.4063791,-0.5560212,-0.4460911,0.3720971,0.03945258,-0.05365866,-0.2232248,-0.3720259,0.1902325,-0.09074257,-0.3665273,-0.4350744,-0.4540854,-0.1345519,-0.190724,-0.4561896,-0.538702,-0.496648,-0.3369601,-0.5673108,-0.6421152,-0.5923973,-0.2466508,-0.3513955,-0.5275667,-0.5468349,-0.3866057,-0.3269405,-0.4369031,-0.5593504,-0.2848038,-0.1430429,-0.5684899,-0.6073494,-0.2790122,-0.2200021,-0.4734759,-0.5219578,-0.3838295,-0.02703362,-0.4979981,-0.3437429,0.01495828,-0.3377316,-0.6660158,-0.6877415,-0.3933724,-0.02808173,-0.272462,-0.6484712,-0.6353713,-0.6453004,-0.1775254,-0.4907149,-0.7723582,-0.6722395,-0.5848786,-0.2577385,-0.03634364,-0.09334883,-0.08680753,-0.0009019009,0.3603689,-0.513044,-0.5578172,-0.4172038,-0.2488667,0.1411782,-0.2356247,-0.144911,-0.4238595,0.07485422,-0.2323437,-0.4785328,-0.5735284,0.1586579,0.09307079,-0.13993,0.1500706,0.2783757,-0.34823,0.5300676,0.5639351,0.332518,0.3384531,0.330272,-0.2961402
0.7501264,0.6401854,0.418423,0.7975131,0.338072,0.1273503,0.0239066,-0.1962506,-0.2388424,1.438688,1.403949,0.288897,0.2692207,0.09587715,0.008995824,-0.1032345,-0.08187532,2.466991,0.7317401,0.1481327,0.03982286,0.0126213,-0.03067646,-0.05254114,1.712532,0.4536263,0.1668071,0.03538929,0.01243819,0.1342652,1.464642,0.8132029,0.5681756,0.2035967,0.09699931,0.1231903,1.62235,0.8081431,0.6410083,0.5632333,0.4673873,0.2021261,-0.1009326,-0.2250514,-0.2966672,1.073514,1.143625,1.412225,1.509868,0.7109007,0.1549882,-0.03313612,-0.3412877,1.872566,1.513103,2.202555,1.820805,0.744131,0.08703966,-0.1400101,1.470508,2.570011,2.971359,1.734257,0.5282477,-0.06992079,0.8758382,1.003031,2.367132,0.9098287,0.1523463,2.601084,0.4731885,-0.1010827,-0.2470663,-0.3940783,-0.4491386,-0.4698299,-0.4636583,1.582886,1.254055,0.1703388,-0.3120856,-0.4711504,-0.5602612,-0.459368,-0.6491137,2.516443,0.7327616,-0.1020274,-0.3527269,-0.4609479,-0.4713226,-0.4803618,1.016917,0.2429357,-0.02500853,-0.3072832,-0.4012489,1.09957,0.3701481,-0.01985336,-0.1706766,-0.3721549,1.952629,0.9142348,0.2695105,-0.01807358,-0.1547421,-0.4069275,-0.5367661,-0.6404783,-0.6226572,-0.5190504,1.315572,0.5592409,0.1621082,0.04736692,-0.1702493,-0.3977914,-0.5093113,-0.5501055,-0.4855061,0.7724755,0.5860813,0.4499183,0.2646525,-0.07992969,-0.3173662,-0.3344252,-0.2593145,0.9557481,1.125704,0.8694496,0.310917,0.05811645,-0.009635963,0.1042663,1.541657,0.7101126,1.001003,0.8473661,0.480127,1.619058,0.8955219,1.669378,1.061834,0.8993113,0.7701327,-0.01847514,-0.1167614,-0.2202135,0.9271894,1.386582,1.759723,1.40164,1.932714,0.5218099,-0.01234773,-0.02767031,1.607177,1.734079,0.7645231,0.9770458,0.4319001,0.1642456,1.67584,1.735794,1.501467,0.6242225,0.6664497,0.3126802,0.929511,0.9602973,0.928887,1.31279,0.6235218,-0.3154907
0.7298357,0.6245142,0.8199788,0.980092,0.2195321,-0.1995501,-0.2957364,-0.3024439,-0.1309776,0.3417386,0.4127826,0.8496691,1.078226,-0.1475404,-0.2824979,-0.3535904,-0.1380068,0.2839113,0.5909724,0.6600758,0.1249268,-0.1195447,-0.2034602,-0.1721208,0.6834013,0.2811702,0.156544,0.4458738,0.6005598,0.002087734,0.9074137,0.5973564,0.8681813,1.461877,2.857611,1.865546,1.637926,1.566563,1.415091,2.866211,1.572986,0.4102486,-0.06753597,-0.3249948,-0.1109621,0.8005449,1.222617,1.229833,1.775848,0.6926874,0.2250079,-0.3228093,-0.3272267,1.170691,0.6960829,1.377214,0.5636609,0.2026789,-0.1314174,-0.2960584,0.792801,1.909104,1.178143,0.5454848,0.07802357,-0.1840274,0.7128588,1.375305,0.8136185,0.05109939,0.0004763133,1.452493,-0.006611176,-0.08912144,-0.2185728,-0.1631349,-0.3523503,-0.16038,0.0007180208,0.3864416,0.2409555,-0.04827081,-0.1431927,-0.2311329,-0.3998095,-0.2247732,-0.1406908,0.4297678,0.1996536,-0.01644453,-0.2835533,-0.4396991,-0.3516291,-0.5009046,0.5417553,0.3373621,-0.09427431,-0.2682234,-0.377609,0.6113475,0.2917304,-0.03603864,-0.2942239,-0.2974448,1.140918,0.5234264,0.1943403,-0.05684357,-0.1523607,-0.398254,-0.4731638,-0.333597,-0.2835558,-0.2884316,0.7677912,0.3401599,0.1415454,-0.07428213,-0.3878774,-0.3262592,-0.3300838,-0.3686566,-0.3094214,0.5254326,0.3397745,0.1687784,0.01823211,-0.1129496,-0.2240619,-0.2909083,-0.4404477,0.7246342,0.4916102,0.2192019,0.1152394,0.03937209,-0.1483338,-0.2448885,0.6316376,0.2809701,0.07262478,-0.05070635,-0.03335435,0.6579182,0.2589754,0.1243626,0.09345029,-0.01868854,-0.423905,-0.49514,-0.4173415,0.1565479,0.9033186,1.440199,0.5326381,0.2485705,-0.207826,-0.3005653,-0.2951674,-0.3271439,0.1363162,0.212296,0.2887761,0.01602765,-0.04139649,-0.270048,1.059206,0.9247663,0.6250257,0.2882575,0.3429198,0.303018,0.7195452,0.3221931,0.45694,0.978587,0.9882396,-0.1811378
0.1865575,0.1776864,0.2173128,-0.415177,-0.4456216,0.03874052,-0.8999141,-0.8949227,-0.8610566,0.3313582,0.08382387,0.2327359,-0.3519206,-0.7284296,-0.979129,-0.8189067,-0.9332568,2.027084,0.1343586,-0.3507895,-0.198716,-0.6401805,-0.9878277,-1.068737,0.1231072,-0.2830456,-0.4708776,-0.211543,-0.7615931,-1.05827,0.3447836,-0.01388272,0.2078609,-0.2641324,-0.6648477,-0.7945238,0.1490397,0.2668543,-0.4195137,-0.2527424,-0.6414486,-1.138206,-1.142527,-1.13668,-1.046699,0.1850168,0.06055675,0.14318,-0.3952716,-0.6813117,-0.9736369,-1.131754,-1.096528,0.0945642,-0.09668483,-0.210489,-0.5006568,-0.7000838,-0.9569606,-0.7266329,0.008145792,0.02149242,0.2368851,0.02472187,-0.8637627,-0.9445724,0.8700539,-0.1318074,0.2793127,-0.3677208,-0.9554816,0.7042963,-0.4261525,-0.9006729,-1.098292,-1.158269,-1.07281,-0.8740156,-0.8299103,0.6317565,-0.04349782,-0.4899001,-0.6551971,-0.8561094,-1.01204,-0.9888094,-0.7675322,0.1949834,-0.07497335,-0.2887436,-0.4541248,-0.7338747,-0.855978,-0.7479352,0.2087941,0.136563,-0.0515162,-0.2871141,-0.4637642,0.2673641,0.254737,0.09484074,-0.08406547,-0.4462726,0.1308663,0.2696158,0.3351828,0.459467,0.3442181,-0.318231,-0.5637991,-0.6966923,-0.9569056,-0.8992888,0.1349074,0.311648,0.4688699,0.4482124,0.01571926,-0.4368406,-0.8623661,-0.9979703,-0.8467473,0.07469141,0.3032269,0.7888069,0.5145746,-0.1385406,-0.6152666,-0.8841136,-0.7613063,0.08998445,1.211124,1.094532,0.3157133,-0.4181443,-0.746345,-0.8494478,0.9089964,0.4842706,-0.09914286,-0.5386099,-0.778819,0.7028833,0.2788209,-0.2634207,-0.5666193,-0.7459738,-0.8643608,-0.9680764,-0.9528221,-0.9799112,0.8363363,0.6537987,0.2292391,-0.4009112,-0.8505471,-0.5376368,-1.01265,-0.9563597,-0.2309078,-0.2423458,-0.4184659,-0.8725139,-1.028606,-0.9139396,0.3756215,-0.02962488,-0.3629948,-0.3359942,-0.3960671,-0.6356531,0.08428013,-0.01021271,-0.02520365,0.1367407,-0.5929601,-0.9632758
1.888705,2.093113,2.347166,2.981514,0.1522036,-0.7144389,-0.5000577,-0.106627,-0.01186992,2.163104,1.995954,2.848572,1.379958,0.9351,-0.9676835,-0.09403942,0.1582782,2.440534,1.565201,1.962589,1.581294,1.421614,-0.3017731,0.04335109,1.64432,1.450732,1.649745,1.848322,1.131145,1.852336,2.012091,1.625996,1.75348,2.825636,3.892864,2.566898,3.163605,2.344834,4.043886,1.887919,2.879083,1.085118,-0.02354513,-0.0009820111,-0.1145783,1.394154,1.308738,1.727147,0.8400303,0.7170514,0.06215305,-0.09914074,-0.2644248,1.012179,0.5099249,1.214852,0.9323791,0.1254021,-0.3573533,-0.5442288,0.8875406,0.6787035,1.746878,1.178058,-0.09600455,-0.2796503,1.342315,2.512861,1.544135,0.4775928,-0.6647767,2.097079,1.260854,1.082874,-0.5915326,-0.4293561,-0.1173865,-0.100222,-0.04902476,1.416961,1.301615,0.6387501,-0.5025796,-0.5980056,-0.07102637,-0.1003504,-0.1201337,2.875721,1.593645,0.4798497,-0.4521294,-0.90501,-0.6365436,-0.06956521,2.626712,1.784659,0.2134614,-0.3937222,-0.7334478,2.419229,0.7430661,-0.1252385,-0.1533089,-0.3306722,2.666687,1.082371,-0.003029471,-0.1186163,-0.2283769,-0.03129603,-0.09865984,-0.1320598,-0.1174067,-0.06058902,0.8733884,0.1896982,0.4104929,-0.2593789,-0.1977272,-0.03952993,-0.1100516,-0.1085104,-0.01744094,0.7456254,0.06700526,0.2470699,-0.2980388,-0.4810168,-0.327104,0.05862746,0.04944543,0.6446397,0.8533493,0.8157582,-0.2889907,-0.9377874,-0.8265817,-0.599175,1.306793,0.3801261,0.793559,-0.6948453,-0.7067961,1.964762,0.2862525,2.064303,0.2427778,-0.1681651,-0.385926,-0.1740055,0.03320974,0.01569017,0.6721246,2.998996,2.208711,0.7579441,0.1554449,0.1653445,-0.1351025,-0.1185228,0.2120162,1.504343,0.7263234,1.61163,0.045734,-0.2609774,0.8135831,0.5869657,2.034682,1.869093,1.315426,-0.06068211,1.230433,0.4572981,1.916345,1.129414,1.242532,-0.07094137
0.1866272,0.3623614,0.420787,0.2723185,0.04450552,-0.03858793,-0.2000953,-0.2611788,-0.1174726,0.2684716,0.1424809,-0.05116316,-0.1484925,-0.2332478,-0.328909,-0.3463433,-0.2909314,0.7080783,-0.01522406,-0.2279024,-0.2996352,-0.360934,-0.3704632,-0.313954,0.09071656,-0.202984,-0.30676,-0.3293062,-0.2932492,-0.1733742,0.2335764,0.03989045,-0.113312,-0.1823712,-0.1544282,-0.02079725,0.2613595,0.02665649,0.04189172,0.1857942,0.2663298,-0.128633,-0.29274,-0.3250032,0.0118708,0.1867865,0.132571,0.05929874,0.3198448,0.1020032,-0.1450085,-0.1243971,-0.2781537,0.08044624,0.01335675,-0.1300342,-0.1880944,-0.3002581,-0.1884912,-0.19661,-0.02246345,-0.08165236,-0.2929887,-0.3672319,-0.3277235,-0.1590765,0.05445428,-0.04373189,-0.1859682,-0.4522483,-0.4431104,0.05916619,-0.1771986,-0.4402619,-0.3015178,-0.1895384,-0.2420388,-0.01788603,0.5510857,0.2412119,-0.01237687,-0.1965008,-0.2740567,-0.2426416,-0.1947004,-0.1060382,0.3583687,0.2002811,0.1939121,-0.0380588,-0.1009111,-0.2229174,-0.1655037,0.00958826,0.3129641,0.3805055,0.1699235,-0.01402711,-0.08222094,0.6843961,0.402394,0.0132056,-0.05552608,-0.0475896,0.9320397,0.734149,0.2450241,0.07537778,0.03861327,-0.001944025,0.01009694,0.07299106,0.1964165,0.1834406,0.8592397,0.5008013,0.2159937,0.1719624,0.1943395,0.01534001,0.02044507,0.1055326,0.02813607,1.007248,0.72879,0.4085245,0.4392239,0.1245024,0.06108256,0.1214667,0.1415927,1.091285,0.7211072,0.6485691,0.2214762,-0.0585147,0.0158152,0.1241417,0.713641,0.3442072,-0.02529773,-0.1997798,-0.1176455,0.5572502,0.2112565,-0.145906,-0.3540095,0.3110681,0.2716011,0.1039381,-0.06311481,-0.1542498,0.5025102,0.09186342,-0.05609813,0.002533486,1.019459,0.372889,0.05768441,-0.1581791,0.1706057,1.025181,0.1546579,0.7201465,0.3584277,0.0604037,-0.0601969,-0.0375183,0.5124462,1.363923,1.087235,0.4040293,-0.08805318,0.5962186,1.539757,1.335707,0.5587017,0.2086553
0.560087,0.7011662,0.7715228,0.9098947,1.187319,1.1396,1.486134,1.692845,1.742555,1.261343,1.653485,1.066219,0.9057919,0.9350924,1.10489,1.400885,1.6659,2.831137,1.558869,1.099305,0.8415002,0.8368228,0.9831166,1.358461,1.814118,1.45419,1.164914,0.9646495,0.7860764,0.8821436,1.208297,1.839207,2.003535,1.445729,0.9107701,0.743315,3.389726,2.308191,1.141462,0.722255,0.8015091,1.217153,1.52185,1.478489,1.257765,2.23052,1.134905,0.5599799,0.4783287,0.7009818,0.8963001,1.120684,0.8143039,0.8192758,0.5185574,0.4125644,0.4270037,0.1452342,0.7026063,0.5730498,0.5916013,0.2701207,1.478326,0.2778622,0.2306565,0.4636617,0.5312052,1.328397,0.89937,0.4993699,0.3056435,0.8092691,0.3020448,0.2726398,0.4764757,0.4098159,0.3245889,0.5421082,1.238534,2.211526,1.003392,0.5222654,0.5105339,0.4985783,0.295398,0.2085215,0.7775952,1.460845,1.065655,0.7814168,0.6684887,0.4142443,0.2272256,0.2554094,1.548962,1.305726,0.9865451,0.6628659,0.4036948,1.892592,1.220734,0.8873773,0.7255208,0.4871836,2.08842,1.532601,0.9834208,0.7456934,0.740804,0.408126,0.1806906,0.2733948,0.5995026,1.185337,1.456192,1.114478,0.7681764,0.698636,0.5465159,0.1964896,0.1137473,0.3119884,0.8660712,1.115883,0.8978742,0.6977595,0.717991,0.4238546,0.3007867,0.3584207,0.6164722,1.114244,0.8330982,0.7285048,0.6624793,0.3753028,0.4061682,0.5114447,0.7887662,0.8683218,0.7060969,0.4373554,0.354015,2.109872,1.966502,0.8300203,0.3831744,0.3362186,0.6282493,0.93366,1.168005,1.663265,3.171511,1.720208,0.829631,0.2400965,0.2706197,0.9423168,1.368075,1.689132,0.4009533,0.9717015,0.2692704,0.6751969,1.320398,1.562198,0.6940416,0.3551719,0.1817862,0.4835388,1.212012,1.446446,0.446462,0.2937189,0.3600834,0.9289014,1.129487,1.633372
1.230179,1.216929,1.139142,1.211414,1.084585,0.8835131,0.8465432,0.6992525,0.3361461,1.587546,1.268736,1.246283,1.171977,1.026661,0.9821466,0.9549342,0.5759244,1.492168,1.242997,1.173797,1.126424,1.107549,1.124,0.8985956,1.296156,1.012468,1.077514,1.181728,1.240233,1.16017,1.370482,1.033973,0.9485915,1.060404,1.283716,1.323743,1.156648,1.056221,1.17171,1.230129,1.137007,0.8874674,0.3833052,-0.06088077,-0.2209341,1.313828,0.9965963,0.7323343,0.4844305,0.2583524,0.1955042,-0.1570889,-0.3772809,1.12943,0.5894477,0.1024336,-0.3754635,-0.6106801,-0.7208736,-0.5782002,0.6987934,0.1667924,-0.2257133,-0.6939442,-1.047266,-0.9700455,0.5902418,0.2934001,-0.6378564,-0.7131763,-1.011957,0.3181703,-0.1331151,-0.8113195,-0.9343823,-0.8071736,-0.7061383,-0.5545203,-0.3091367,0.7144101,0.3495748,-0.3280127,-0.5948088,-0.7245292,-0.6135172,-0.5389811,-0.4262776,0.6407591,0.2248386,-0.152969,-0.3303271,-0.4989043,-0.4499702,-0.3182335,0.5594178,0.3195415,0.02526817,-0.149258,-0.3317008,0.4644139,0.2433711,0.07701518,0.01041713,-0.1664231,0.7037919,0.4860778,0.2387794,0.09298839,-0.1097395,-0.2307506,-0.4026974,-0.5120695,-0.4791147,-0.252255,0.6547877,0.4476303,0.1942095,0.06242813,-0.1413185,-0.399457,-0.5497664,-0.6147236,-0.506889,0.6554093,0.3906704,0.2068503,0.09063145,-0.2344182,-0.6099892,-0.698653,-0.7715886,0.6698761,0.4856986,0.4089603,0.173589,-0.3969911,-0.8842734,-0.9792001,0.6128443,0.3493193,-0.1123409,-0.6503698,-1.010993,0.5810687,0.3588284,-0.2385939,-0.6460726,-1.062635,-0.9968594,-0.5570365,-0.1773797,0.2356094,0.5690959,0.2858698,-0.5198262,-0.5474554,-0.864711,-0.5607917,-0.05772838,0.370743,0.2851615,-0.08915529,-0.3094032,-0.2584327,0.08552822,0.5370104,0.6098597,0.4266355,0.1744481,0.2767324,0.4834021,0.7550136,0.7953706,0.7764508,0.8054232,0.9595943,1.074896,-0.1169481
0.9218244,1.124301,0.8805138,0.8958844,0.2740505,0.2627187,0.2851485,0.4199379,0.7517022,1.237211,0.9364647,0.725464,0.3557484,0.08067849,0.1093537,0.28977,0.4923382,1.196535,0.7943281,0.3341406,0.03810433,0.02492524,0.1059499,0.264131,0.7182459,0.3933322,0.1280482,0.06572838,0.1152988,0.2349167,0.8763359,0.623131,0.6120279,0.3641933,0.524768,0.3282946,1.501255,0.6786549,1.411003,0.6583238,0.6360806,0.4787059,0.2922903,0.3358025,0.6956629,2.191466,1.314881,2.620734,1.439229,1.174767,0.6166558,0.2608893,0.1040442,1.343367,1.935339,1.921453,1.748107,1.305259,0.4391966,-0.02718345,1.396211,1.512303,2.909893,1.355357,0.986562,0.1756245,1.483739,1.67754,1.457841,0.487985,0.4409983,0.6245244,-0.1631674,-0.0884502,-0.02802957,-0.1672655,-0.1393749,0.1242969,0.4346847,0.4225011,0.05996344,-0.2313919,-0.2016011,-0.1705225,-0.1794026,-0.1051191,0.0394494,0.1902355,-0.09606852,-0.02662783,-0.005777357,-0.01800862,-0.03857097,0.01000489,0.3271244,0.384218,0.391599,0.3304363,0.1661431,0.6577367,0.493945,0.3517286,0.3875526,0.3145257,1.166988,0.7979594,0.3764419,0.2183451,0.2563436,0.03453889,-0.2869627,-0.3504424,-0.1999332,0.05268562,1.222232,0.5416266,0.3043995,0.2329,0.179144,-0.179357,-0.4427939,-0.5191036,-0.3845548,0.4761503,0.7511336,0.6147268,0.4288276,0.06313419,-0.3168669,-0.447919,-0.3566162,1.027583,1.56106,0.8172501,0.3754819,-0.1980807,-0.3743587,-0.1432499,1.178593,0.5999728,0.09097414,-0.407324,0.1006529,0.3693942,0.1124696,-0.2245146,0.1022078,0.466886,0.1054885,-0.156195,-0.09202792,0.3171864,0.2717547,0.2079988,0.8055101,1.227224,0.7057145,0.3271121,0.06249483,0.1974343,0.3746946,1.15106,0.553427,0.6715309,0.4417096,0.2742296,0.5619434,0.6559437,1.153048,0.3585069,0.7873921,0.5870292,0.6093827,0.7710434,1.195788,0.6041666,0.4887521,0.8574381
-0.1225705,-0.03918025,-0.3691987,0.8696075,-0.8907719,-1.614055,-1.977958,-1.757062,-1.918216,-0.1072151,0.339929,-0.1814695,-0.6177574,-1.547425,-1.735659,-2.13899,-2.15089,1.093768,0.5478192,-0.6718075,-0.9778378,-1.639525,-1.863182,-1.894953,1.857207,-0.2350857,-0.6360949,-0.7714599,-1.247617,-1.852798,0.6337748,1.060254,-0.5450082,-0.8088714,-0.2454029,-1.389339,0.3510847,0.3468326,-0.5389898,-0.8151717,-1.536874,-1.903826,-1.729951,-2.059895,-2.076101,0.02330123,0.1621433,-0.7846526,-0.8779351,-1.62061,-1.852093,-1.633367,-2.188184,0.08313956,-0.415786,-0.8825755,-1.475455,-1.534351,-1.995839,-2.050749,-0.5709276,-0.9521582,-1.161824,-1.732915,-1.261236,-1.890711,-0.8829295,-1.015303,-1.814363,-0.6323305,-1.345838,-0.6163996,0.4362806,-1.649259,-1.77775,-2.156101,-2.3167,-1.969125,-1.851191,-0.876956,-1.272818,-1.407423,-1.577181,-2.128425,-2.285105,-2.267571,-1.992175,-0.8364041,-1.53276,-1.613387,-1.833454,-2.008258,-2.04703,-2.157511,-1.108981,-1.283478,-1.647057,-1.855648,-2.231703,-1.132156,-1.428602,-1.906569,-1.898059,-1.632694,-1.422853,-1.476229,-1.707591,-1.774944,-2.134943,-2.129325,-1.912218,-1.991784,-1.685495,-1.917607,-1.17401,-1.285639,-1.865083,-1.596294,-2.017522,-2.196352,-1.701772,-2.092216,-1.764186,-1.460129,-1.453035,-1.425726,-1.607441,-1.926725,-1.72049,-1.728109,-1.63529,-1.039515,-1.395424,-1.370059,-1.507581,-1.965077,-1.624303,-1.774072,-1.218403,-1.232515,-1.382145,-1.469455,-1.777169,-0.8961323,-1.031056,-1.360554,-1.289239,-1.650327,-1.805093,-1.050055,-1.941544,-1.933865,0.04698841,-0.6368701,-0.8606808,-0.6968984,-1.350261,-1.694714,-1.646221,-1.799783,-0.7409017,-1.019733,-0.2537445,-1.417626,-1.589828,-2.016405,-0.6072805,-0.8689412,-0.3352467,-0.800983,-0.5923509,-1.042411,-0.4499334,-0.3290046,-0.5335478,0.02893041,-0.9765636,-2.460697
1.004514,1.48602,0.9455175,0.5402991,0.004189085,-0.202336,-0.260705,-0.2188036,-0.150382,1.604451,2.881884,0.7118936,0.1941034,-0.08207484,-0.2917887,-0.258133,-0.2251604,2.316071,2.453214,0.5549583,0.1038295,-0.1494531,-0.1428467,0.05193428,1.53452,1.00585,0.2975828,0.1415581,-0.09289525,0.02513246,1.747481,0.9220356,0.7885041,0.2468258,0.1913096,0.04586596,1.857751,1.405646,0.8204134,0.4994624,0.2647998,0.2257074,-0.1318955,-0.3321847,0.20228,1.829627,1.752699,0.4556189,0.6813251,0.836868,0.3081732,0.006550373,-0.01016057,2.676997,0.9752652,0.4993813,0.8481292,0.526474,0.4579062,0.1444653,1.081908,0.6193982,0.4801979,0.8569511,0.9132894,0.1474456,0.561545,0.3170178,0.165702,0.162433,0.1619353,-0.154214,-0.4355977,-0.2807676,-0.1404982,-0.03900002,0.03948287,0.3413896,0.834796,-0.06446272,-0.3161025,-0.3967966,-0.2580007,-0.1525101,-0.03572119,0.1850248,0.6004105,0.03565659,-0.02911675,-0.0142687,-0.1140091,-0.1714966,0.04424452,0.03707183,0.3335025,0.4627227,0.3108933,0.01617204,0.0257592,0.3781877,0.3814792,0.1920498,-0.006041484,-0.03228103,0.2139811,0.06973673,0.02198404,0.0692498,0.01314613,-0.12767,-0.07260758,0.07468815,0.2938885,0.1849994,0.06482481,-0.02612741,0.09171494,0.1835395,-0.142206,-0.2101651,-0.08394215,0.03302771,0.07102726,-0.009017917,0.06430793,0.4128782,0.22367,-0.2126033,-0.1768187,-0.1108062,-0.07445742,-0.02540292,0.2645736,0.2640338,-0.1082229,-0.3724996,-0.2844082,-0.02802623,0.06922324,-0.1123902,-0.4348714,-0.5218549,-0.0740732,0.002420859,-0.1044302,-0.48717,-0.08090454,0.5059593,0.507202,-0.1155372,-0.3262184,-0.1697153,0.03198904,0.06424987,-0.05300166,1.27702,1.538625,0.3932843,-0.1566199,-0.2320701,0.4231518,0.6941473,0.2682621,1.022834,0.2368488,-0.1191843,1.055791,0.6829004,0.9350739,0.5214557,0.4176504,0.1830056,1.098929,1.242007,1.013808,0.7432299,0.256227,0.4178758
1.154355,1.426906,1.311889,1.502746,1.267418,0.8103359,0.8208243,0.9918619,0.9288686,1.696722,1.570767,1.157649,1.001585,0.7350283,0.7820007,0.8071042,0.9388755,1.952806,1.439399,1.168983,0.6782463,0.6217008,0.7224291,0.7439289,1.595995,1.022035,1.213308,0.9933228,0.6726457,0.7478998,1.604398,1.344699,1.482714,0.7342786,1.075999,0.7977481,1.657442,1.267617,1.055243,0.8894274,0.4794842,0.5491961,0.4257738,0.4654816,0.6218929,1.430254,1.020187,0.6844425,0.8146038,0.7847872,0.6141781,0.1414238,0.0250821,1.005734,0.7144463,1.17238,1.362196,0.669574,0.6412163,-0.204575,0.7797195,0.8699597,1.742067,1.892053,0.830909,-0.01129495,0.9173554,3.435854,3.025947,1.424989,0.4056836,2.432491,0.5930666,0.2478523,-0.04945621,-0.1513645,-0.2439479,-0.02176262,0.3132108,2.352832,1.485875,0.5941141,0.2860832,0.05828213,-0.1514615,-0.03159924,-0.1183399,2.249807,1.294734,0.9943387,0.6204479,0.2367678,0.1747991,0.325003,1.296435,1.182999,1.211607,0.8450937,0.5593233,0.7452496,0.7563547,0.7324703,0.7986566,0.6999795,1.125448,0.7287207,0.5688199,0.6981808,0.7644796,0.6298656,0.1620962,-0.1624088,-0.2856366,0.1026987,1.261654,0.6145338,0.6117661,0.7988636,1.072945,0.5242078,-0.06661028,-0.4256177,-0.3115325,0.8281749,0.7685493,0.9115785,1.635154,1.250468,0.3636851,-0.2721946,-0.6410956,1.391118,1.105702,1.3271,1.827555,0.7397039,0.0404016,-0.3251164,1.054157,1.534586,1.055439,0.2900482,-0.06998226,1.143344,1.004035,0.4825198,-0.1152217,-0.1098997,-0.5296025,-0.4202934,0.2977447,0.743055,1.208951,0.774029,2.562061,0.5789914,-0.3186418,-0.1098898,0.2885882,0.8030305,1.874748,0.4479475,0.1087628,0.1386385,0.5829105,0.8219265,0.5868338,0.3933513,0.3963675,0.557727,0.8706407,0.915275,0.7230394,0.8614941,0.9253098,1.206264,1.014918,0.734339
0.841951,0.8752934,1.826369,1.693031,0.2016897,-0.1936831,-0.07451618,0.3254802,0.6171632,1.151527,2.436546,1.661669,0.7182979,0.06592326,-0.279965,-0.1121592,0.2075603,1.947793,1.869556,0.809975,0.4435379,-0.0812542,-0.1876925,-0.0825966,2.470038,1.727821,0.8795652,0.4688365,-0.0007618263,-0.1051803,1.935918,2.555443,2.158872,1.307341,0.5756265,0.2399883,1.995219,2.212351,1.141098,0.3662687,0.2718277,0.05571934,0.01462838,0.2248486,0.7039439,2.190213,1.257378,0.7338486,0.5324917,0.4126259,0.1111524,0.06408882,0.07973281,1.387101,0.7720146,0.8519447,1.27168,0.9066199,0.1761546,-0.08271579,0.7603729,0.4582914,3.240168,2.564289,0.9076236,-0.1044763,0.8313748,0.4943487,1.111493,1.161817,0.1993162,1.203803,1.828063,0.4122096,-0.2048541,-0.3870008,-0.3301691,0.107041,0.8484942,2.004433,0.7382528,0.8898559,-0.06325819,-0.4466397,-0.4568172,-0.1385606,0.2023654,2.968869,0.6942812,0.1294657,-0.1928646,-0.3585656,-0.4275639,-0.08934071,1.437059,0.4376392,0.20684,0.04893215,-0.1965899,0.6115608,0.4336839,0.4324991,0.3547702,0.260455,0.7147367,0.3413022,0.20043,0.2971785,0.4066711,-0.02885661,-0.1960821,-0.2816877,0.02710383,0.2629893,0.3819546,0.1069772,0.1211615,0.372877,0.184608,-0.231229,-0.3316797,-0.2591749,-0.05867625,0.04291493,0.154443,0.3726881,0.6015154,0.01638121,-0.08672314,-0.1334659,0.02895856,0.1770868,0.4969357,0.5186638,0.2226651,-0.0481714,-0.119257,0.09636225,0.3373646,0.4304344,0.1986544,0.04674951,-0.05214203,0.4939942,0.3635538,0.3562291,0.6698346,-0.07748419,0.1486595,0.2074958,0.1922182,0.4515743,0.7648561,0.2443836,1.081873,1.580212,0.664137,0.08743031,0.104299,0.132867,0.2657335,0.03495139,-0.1610674,0.3837375,0.2178548,0.04924616,0.1450905,1.211594,1.349198,0.4650311,1.680084,0.1296868,0.3337644,0.2761756,0.2218812,1.601068,1.819259,0.8090615
1.043353,1.250857,1.050638,0.7609069,0.4613881,0.01862842,-0.2012293,-0.4057911,-0.2128042,1.317745,1.893894,2.2179,0.6421022,0.01732989,-0.01842096,-0.2347509,-0.2866037,2.052172,1.369596,0.9940526,0.2244528,0.08682074,0.02128365,-0.01298438,1.181669,0.8260566,1.327965,1.243643,0.7898434,0.3741991,1.513487,1.100607,2.486465,1.30527,2.588406,1.262051,1.304691,1.115091,1.324503,2.544796,1.234866,0.287542,-0.1694454,-0.3802795,-0.7260791,1.057645,1.33777,1.229238,1.280869,0.5328262,0.000727647,-0.3898195,-0.7778628,1.200107,0.9653987,2.169828,1.293382,0.5056071,-0.1532348,-0.6165228,1.687503,2.128536,2.57911,1.795341,0.5632855,-0.1262373,2.645563,2.098151,1.260662,1.416644,0.5210891,0.8559403,1.733416,0.9372932,0.1203637,-0.4765072,-0.9135254,-0.943901,-0.8311302,1.738558,1.486422,1.524756,0.4901288,-0.1193846,-0.7160562,-1.070174,-0.9910638,3.069589,2.290856,1.532528,0.6101651,-0.2074106,-0.6403646,-0.7793716,3.56723,2.338014,1.458744,0.4663818,-0.1654817,3.572768,2.250211,1.071193,-0.1965925,-0.3382316,3.920528,2.583899,1.638529,0.6110045,-0.1996318,-0.3431428,-0.6775548,-0.8428249,-0.6796901,-0.583564,2.671558,2.140133,1.636577,0.9190701,0.207344,-0.3935008,-0.6503688,-0.5738315,-0.539392,2.746225,2.875801,1.710815,0.8945341,0.07633415,-0.2919484,-0.3960434,-0.4298814,3.71927,2.882451,1.717998,0.6269917,0.05992829,-0.1770526,-0.2220187,2.679428,1.234485,0.7039956,0.2132167,-0.009897421,2.003143,1.474166,1.161122,0.229783,0.05529651,-0.01309702,-0.1806514,-0.2894912,-0.5166359,1.641889,2.548768,0.8666946,0.3106207,0.2617555,0.04515423,-0.1513305,-0.3733754,1.572088,0.9913339,0.9042794,0.3359837,0.3196215,-0.1559052,2.416752,1.824432,1.321947,1.386398,0.410173,0.1989163,0.9540592,0.863304,1.160501,1.057755,0.6834266,-0.6384051
2.156531,1.835442,2.055478,1.922381,1.200708,0.2737752,-0.2952313,-0.6901477,-0.9713459,1.441483,2.101773,1.712012,0.4196345,0.2673415,-0.3133367,-0.6327411,-0.6949273,1.671878,1.327925,1.368726,0.9060503,-0.2152102,-0.3084883,-0.2468875,1.62786,1.809542,0.8052973,0.548407,0.3384589,0.5909002,2.095928,1.589236,2.214367,0.9016677,1.922787,1.47263,1.785392,2.48178,2.885363,2.532039,1.855903,0.9072167,-0.03308254,-0.7830575,-1.231372,1.823444,2.252247,2.262055,2.869718,1.76863,0.05261216,-0.07523243,-1.253895,1.825537,1.700336,1.618709,2.237276,1.865064,0.4178277,-0.5974185,1.588813,1.557282,1.107179,0.8972195,0.9764072,-0.2990515,1.369161,0.9138731,0.4124386,0.375528,0.2666332,2.152436,0.02437729,-0.01224279,-0.7530317,-1.104223,-1.339572,-1.482966,-1.357432,1.062872,0.2189937,-0.319752,-0.5800974,-1.130959,-1.352566,-1.445624,-1.520643,0.9893161,0.3696063,-0.3486666,-0.8266897,-1.032245,-1.281033,-1.075106,0.9523252,0.0569269,-0.3345771,-0.64946,-0.989714,0.3822545,-0.2049157,-0.6465245,-0.7294188,-0.8036139,0.5636932,0.01682138,-0.3427271,-0.5259197,-0.6235316,-0.7939602,-1.058802,-1.199849,-1.204054,-1.120614,0.5551968,0.1590886,-0.03830215,-0.1801419,-0.2512398,-0.673054,-0.9695958,-0.9889987,-0.7410887,0.6310749,0.5861174,0.3735129,0.09565569,-0.07455612,-0.6937234,-0.7961499,-0.3368159,0.9680141,1.271451,0.5948219,0.2126326,-0.4015586,-0.6168244,-0.0188058,0.9390045,0.2726791,-0.3782063,-0.5213512,0.2661244,0.5494007,0.08306505,-0.1436872,0.4434757,0.9980034,0.7986238,0.4836693,-0.2431956,-0.8306428,0.5883847,0.5707631,1.065132,0.8089651,1.470183,1.688045,1.097811,-0.2972178,1.76568,2.150267,2.230743,1.827117,2.379696,0.6824896,1.309536,1.332556,1.641443,2.856257,1.999407,1.411858,1.252641,1.869326,2.214774,1.906537,2.048339,-1.150981
1.538329,1.631842,1.628223,1.386617,0.6849824,0.2254319,0.005421871,-0.1193907,-0.3254837,1.850814,2.013299,1.676822,0.6203053,0.2374511,-0.006114626,-0.04291568,-0.1199892,2.850895,2.552059,1.2442,0.4938441,0.1635265,0.1022575,0.2190032,2.730301,2.214218,1.637753,0.6497737,0.6676533,1.390235,3.144903,2.776767,2.330526,2.648629,1.456264,1.133005,2.960912,2.295469,1.253473,1.159491,2.134846,1.169715,0.1813842,-0.2098488,-0.3791932,1.889662,1.642866,2.064932,1.506043,2.718225,0.7217209,-0.08332661,-0.5116502,1.437991,1.182428,1.404176,0.7116207,1.224172,0.138427,-0.4973031,1.122822,1.057537,1.827036,1.118654,0.2589089,-0.2081688,1.059453,0.9285057,1.242001,0.5767648,0.08129602,1.61732,0.1640622,0.369615,-0.2289876,-0.5014899,-0.6498626,-0.555747,-0.1980095,0.6152436,0.490577,0.3230259,-0.1240325,-0.4693217,-0.7296577,-0.58342,-0.4830487,0.8605454,0.848339,0.4735954,-0.0293098,-0.4866156,-0.6263534,-0.6304455,2.000073,1.376556,0.5889856,0.03374578,-0.3612067,2.665261,1.638566,0.4498536,0.04492869,-0.4295476,3.74338,2.682416,1.491428,0.4542165,-0.008671057,-0.4167775,-0.6344095,-0.7748663,-0.6305562,-0.3346328,3.103222,2.110013,1.316154,0.6261202,0.09123844,-0.5138869,-0.7465295,-0.7248917,-0.4919362,2.451891,2.101424,1.53246,0.7126578,-0.1071678,-0.4911278,-0.6708723,-0.3946763,2.62984,2.471076,1.501256,0.6179326,-0.1789895,-0.4454723,-0.1576552,2.393358,1.267957,0.2752038,-0.1709522,-0.02015932,1.543505,0.6785041,0.2909667,0.508115,0.7494293,0.6323583,0.05896529,-0.2029353,-0.110381,0.7090356,0.3742588,1.067995,1.60265,2.455114,1.138942,0.04454271,-0.1847754,2.012064,2.009678,2.354793,2.479103,0.8016038,0.2133526,1.415907,2.255224,2.866009,1.605261,1.95785,0.8135554,1.589096,1.986655,3.55939,2.539594,1.797696,-0.1097561
1.318462,1.339773,1.515099,1.167038,1.056051,0.966632,0.9273339,0.9610816,1.126823,1.450301,1.571302,1.240386,1.071975,0.940344,0.9333211,1.031526,0.9559773,1.718735,1.51395,1.11784,0.960081,0.909237,0.9131072,0.8204203,1.49171,1.206599,1.03329,0.9748499,0.9181224,0.8947428,1.533079,1.358783,1.070083,1.031159,1.009189,1.007511,1.324529,1.215167,1.12105,1.161749,0.8795763,0.7368608,0.5750318,0.6070652,1.008788,1.279088,1.236111,1.153555,0.9355749,0.7007384,0.6376625,0.64363,0.7311671,1.197735,1.072599,0.9912437,0.9202261,0.7312019,0.7394781,0.6975399,1.087421,1.018744,2.076617,1.323548,0.8263363,0.7132296,1.655096,2.367605,1.764264,0.9469619,0.8029106,1.936802,0.9094015,0.8635885,0.8181596,0.6449052,0.5822775,0.7688234,0.9988568,1.842885,1.341428,1.271076,1.170915,0.9216579,0.6887823,0.6890851,0.7963248,1.680987,1.806419,1.844587,1.520779,1.063141,0.8984654,1.186927,2.160557,2.729897,2.424107,1.898492,1.38361,2.349668,2.780427,2.457814,1.833137,1.458567,2.50568,2.522251,2.562847,2.052701,1.831299,1.635086,1.080331,0.7559734,0.5766772,0.648307,2.241746,2.235,2.251985,2.304342,2.287646,1.683088,0.8719603,0.6704398,0.6019847,2.669451,2.788397,2.774176,2.829204,2.296291,1.252601,0.867249,0.8233303,3.821063,3.112172,2.897292,2.590529,1.588751,1.000339,0.96501,2.740403,2.530491,1.702953,1.166256,1.025898,2.133408,1.691555,1.104999,0.9233556,0.9452056,1.010721,0.8029075,0.6691961,0.9691247,1.947168,1.666595,1.1991,1.214536,1.033819,0.904815,0.673178,0.7752547,2.01737,1.856163,0.9549863,0.7881104,0.7108309,0.7507178,1.461335,1.180034,1.091102,1.070787,0.8920426,0.9879621,1.179677,1.233839,1.466063,1.142416,1.104509,0.9811874
0.8449967,-0.09672814,0.2236045,-0.4164988,-0.9555098,-0.9946023,-0.9239626,-1.044865,-1.074333,0.2619075,0.1780382,-0.2434372,-0.732912,-0.9421819,-1.132711,-1.027747,-0.9099325,0.7951404,0.3312205,-0.2690214,-0.7784243,-0.9700629,-0.9491184,-0.992735,1.42835,0.7983855,-0.3402339,-0.4408883,-0.6979602,-0.5018787,0.9283626,1.397774,0.5811099,0.2946245,-0.05787142,-0.1959098,0.5459166,0.3636933,0.3549452,0.4663058,0.2924801,-0.3165876,-1.011716,-1.100521,-1.175948,0.8135622,0.6565942,0.2103243,0.4503743,0.3089009,-0.309735,-1.020759,-1.03545,0.3892015,0.3851412,0.1892494,0.8757583,-0.1284382,-0.8492378,-1.077157,0.4839223,0.3742348,1.644153,1.052767,-0.6118053,-0.9701245,0.9812506,-0.2716297,-0.2351496,-0.4882353,-0.5943193,0.8582968,0.3886778,-0.1577366,-0.7220392,-0.964986,-1.195993,-1.197361,-0.8635542,0.2631212,0.3977732,0.7129201,-0.229414,-0.7435943,-1.011313,-1.102076,-1.022957,1.305737,0.7191452,0.2241106,-0.1939356,-0.7109332,-0.7519755,-0.468931,0.04313061,0.429716,0.4203997,0.09526163,-0.3071307,-0.08826946,0.03678568,0.1651108,0.1678758,0.006920981,-0.09189906,-0.1414897,-0.1577178,-0.02881152,0.3630998,-0.3821948,-0.7983783,-0.9577379,-0.9801533,-0.9858543,-0.1734561,-0.3150002,-0.1169647,0.6312042,0.1698825,-0.5003145,-0.8626344,-1.034742,-1.036754,-0.2856151,-0.3370985,0.5786408,0.7864408,-0.1217045,-0.659943,-0.8739133,-0.9625363,-0.3100554,0.460228,1.052854,0.2103727,-0.5689602,-0.8194321,-0.8405704,0.06892044,-0.05676709,-0.5530879,-0.8766251,-0.8581232,-0.2316486,-0.5149058,-0.8830287,-0.9811757,-1.084736,-1.070767,-1.029655,-0.8989719,-0.9480816,0.04118337,-0.1419308,-0.9033974,-0.9343852,-0.9675685,-1.042938,-1.066464,-1.037602,-0.3063661,-0.6234691,-0.8746737,-0.7484907,-0.8421334,-0.8696541,-0.3212356,-0.5677266,0.3514333,-0.1223484,-0.3742704,-0.7722867,-0.03223742,-0.2198827,-0.3076243,-0.4019027,-0.5851829,-1.021354
0.8292846,0.5214104,0.2573258,-0.1561549,-0.3800555,-0.4339899,-0.4727969,-0.4155227,-0.3233114,0.6847056,0.02327162,-0.2649632,-0.4006053,-0.5029008,-0.4595116,-0.4464663,-0.3433127,0.2840184,-0.05144018,-0.3239508,-0.4574801,-0.485868,-0.4246725,-0.4001168,0.7778504,0.001827018,-0.3541204,-0.4634081,-0.4299599,-0.3334862,0.4576966,0.326476,0.01664747,-0.3608634,-0.3362887,-0.2315073,-0.0312202,-0.1310317,-0.0975649,0.1574253,0.2947805,-0.1555088,-0.3067248,-0.4514438,-0.7675044,0.3767187,0.1266248,0.4285363,0.5925547,0.6716561,0.03126185,-0.2068961,-0.5523656,0.4773298,0.2653532,0.3684741,0.8104257,0.8321281,0.2398591,-0.3167684,0.4924355,0.7873807,0.8581731,1.436195,0.8303523,0.006998172,0.538554,0.7367756,0.3779226,0.4086151,0.3341287,0.04923103,-0.1802427,-0.220677,-0.2808459,-0.4776123,-0.6536896,-0.8566005,-0.7308664,0.125533,0.1662025,-0.3528295,-0.5862866,-0.6630836,-0.7238692,-0.7614563,-1.079053,0.3038634,-0.175541,-0.3691314,-0.5596837,-0.7048504,-0.828474,-0.8103152,1.288219,0.1630787,-0.1064764,-0.4335508,-0.652327,0.8017697,0.3737362,-0.3067172,-0.409192,-0.5663827,0.6402378,1.007729,0.2333659,-0.07129414,-0.2850466,-0.5283666,-0.798722,-1.071264,-1.089398,-0.9774888,0.9051384,0.7934508,0.7244309,0.4586591,0.04061381,-0.4618047,-0.7825044,-0.9059528,-0.9495658,1.401898,2.212986,1.866161,0.8911666,0.2042163,-0.3085231,-0.5613757,-0.6144705,0.9803598,2.331805,1.880219,0.7966605,0.05707553,-0.2762401,-0.2787153,1.921299,1.184245,0.4273669,-0.1075364,0.02043727,1.654134,0.9581375,0.3258906,-0.2348228,0.09669489,-0.1108656,-0.5127462,-0.6774115,-0.5417191,0.6852175,0.832535,0.3707273,0.09841302,0.1329891,-0.2391303,-0.6426647,-0.651279,0.5650725,0.7344857,0.5653622,0.01423472,-0.4608666,-0.5919479,1.113655,0.3086273,0.8921624,0.6234369,-0.06468645,-0.4692534,0.9058973,0.2586813,0.5135483,0.03023336,-0.2446069,-0.3835297
1.448444,1.309167,1.045341,0.8209267,0.5293933,0.3684898,0.3253896,0.4085229,0.6249213,1.606746,1.291556,0.955011,0.7031695,0.4762613,0.3244665,0.2666959,0.2599562,1.676444,1.038,0.9119413,0.6708515,0.470915,0.3614106,0.2190017,1.473645,1.106887,0.9243141,0.7219596,0.5185067,0.4442718,1.895409,1.492678,1.336159,1.318542,0.8800539,0.6712159,1.75641,1.541259,1.275921,0.9278531,0.6842775,0.3397092,0.2844127,0.4329877,1.035037,1.768057,1.583855,1.22917,0.7003648,0.3810032,0.3518083,0.4769532,0.5716577,1.835332,1.296589,1.012228,0.6157669,0.3593847,0.4545901,0.6014977,1.266524,1.179919,0.9627374,0.4958616,0.5050615,0.6955457,1.108402,1.481179,0.6437087,0.5300882,0.5459546,1.074672,0.79201,0.7293,0.8416286,0.7141806,0.5161821,0.7465565,1.175976,1.454351,1.398924,1.258314,1.109855,0.9156657,0.6060856,0.5981307,0.9306961,1.858312,1.722736,1.830244,1.452353,0.9655411,0.6437542,0.7176276,2.006695,2.447133,2.118265,1.607766,1.034512,1.761272,2.151565,2.023249,1.564923,1.077715,1.1066,1.484913,1.741076,1.59279,1.230197,1.053263,0.674695,0.7000595,0.9453334,1.043623,0.9696509,1.320733,1.590454,1.92608,1.31797,1.032004,0.6980513,0.6574503,0.834065,1.091155,1.775683,2.446322,2.099761,1.524739,1.011569,0.8429806,0.6493409,1.715785,2.882866,3.078243,2.067951,1.433551,1.039008,0.8391876,3.478276,2.710021,1.64495,1.197748,0.882503,2.701768,1.924251,1.190521,0.8513349,0.6629732,0.6177173,0.4826971,0.660391,0.8597808,1.936844,1.319768,0.7706987,0.6482005,0.3738813,0.3825917,0.2927034,0.5029051,2.358192,0.7868771,0.5393472,0.4099556,0.2989398,0.2917276,1.053844,0.8082619,0.742992,0.7359191,0.6558594,0.4296511,1.075772,1.106722,1.044299,0.7985389,0.736653,0.9773197
0.8525944,1.424435,3.203161,1.297332,2.745173,0.8256109,-0.08274758,-0.359825,-0.3247682,1.951813,2.035244,2.011239,1.264768,0.8943906,0.1280634,0.009761997,-0.06406695,1.802908,2.394057,3.720824,1.33857,0.6698855,0.6525007,0.5606296,3.376131,2.868487,2.969841,2.577651,2.363473,2.459632,3.073387,3.637223,4.365283,2.834211,4.032135,3.504315,2.919001,2.545432,3.032751,4.784891,2.270339,1.84335,0.2442091,-0.1283323,-0.6764268,1.491789,1.86096,1.778928,1.33623,2.280536,0.6716121,-0.1269318,-0.8301694,0.6837368,0.4049913,-0.1281003,-0.1746144,0.1107799,-0.04556254,-0.6230387,0.09469289,-0.2858489,-0.2063439,-0.09803164,-0.2959529,-0.4950349,-0.2279487,-0.4024181,-0.9792002,-0.04746482,-0.6192368,0.0650716,-0.1262692,-0.9044628,-0.812126,-0.8719997,-0.9984019,-1.007431,-0.7530757,0.05454106,0.1543894,-0.5027484,-0.876479,-1.031507,-1.200018,-1.292479,-0.9905865,0.6355951,0.3035932,-0.1579112,-0.7430435,-1.14842,-1.384549,-1.382678,1.906747,0.9535993,-0.0520617,-0.8022513,-1.229085,2.18275,0.499609,-0.4031521,-0.89829,-1.195001,1.051551,1.434418,-0.04306239,-0.6893885,-1.109024,-1.285551,-1.529889,-1.264475,-1.238725,-0.6720988,1.213704,0.2939766,-0.1767446,-0.5990992,-0.9018186,-1.222395,-1.310819,-1.090473,-0.6119797,1.15712,0.6032828,0.06684748,-0.3092726,-0.8577769,-0.8887846,-0.946039,-0.344665,1.918556,1.038321,0.2742038,-0.3127099,-0.6550471,-0.8084396,-0.5367731,1.332911,0.3507591,-0.3985908,-0.7837969,-0.8269222,0.8944191,-0.1216626,-0.5337862,-0.6275505,-0.4085854,-0.2346482,0.1173446,-0.6079413,-0.3153859,0.004725216,-0.2224858,0.239002,-0.1595199,0.4302424,0.4269036,-0.0310565,-0.2602699,0.202385,-0.02921099,1.147279,1.563419,0.6872193,0.2964205,0.2503917,0.5522262,1.788261,1.535399,2.069648,2.063713,0.4384307,0.8419121,1.259955,1.979234,1.570296,-0.3782513
1.403952,1.061937,1.341053,0.4961022,0.01756302,-0.1548959,-0.1882914,-0.1324747,-0.1089081,1.468233,0.8853914,0.1397143,0.07965193,-0.1276555,-0.1063577,0.1118955,0.2979411,1.079289,0.8099826,0.4392982,0.1499345,0.2049863,0.5577049,1.217204,1.201112,0.8571148,0.6360152,0.7629544,1.502894,2.495661,1.496547,1.387803,1.26239,1.347483,2.308107,2.967983,2.013695,2.058668,3.02522,4.046082,3.285682,3.009698,1.256655,0.4207218,-0.2024482,2.850133,3.402439,1.467778,2.460903,3.706856,2.10466,0.8915946,-0.1259213,2.447239,3.105309,1.364442,2.723452,1.52311,0.9449822,0.2023392,1.791885,2.286644,2.515322,0.7360541,0.3634963,0.07609043,1.056126,1.051795,0.7606441,0.01226886,-0.1396732,0.6568576,0.4217547,0.07283884,-0.2255334,-0.2466745,-0.5230386,-0.7250751,-0.4890158,1.241923,0.9713386,0.8851698,0.3661518,-0.1985638,-0.4590067,-0.7534116,-0.7738257,1.669033,2.478063,1.802113,0.8272091,0.0418162,-0.46303,-0.5740671,3.800042,3.149827,2.326542,1.073212,0.2655303,3.862079,2.910274,2.397978,1.115614,0.1001132,1.827486,2.233535,2.321822,1.558078,0.6647542,-0.1547727,-0.7664784,-0.9214168,-0.878718,-0.4398419,1.943541,2.062903,2.391474,1.537334,0.3576776,-0.2456026,-0.7252034,-0.3314241,-0.5447112,2.251502,2.020449,2.418367,1.277429,0.1776756,-0.4369802,-0.4751787,-0.1158735,1.172525,1.829207,2.216339,0.9055293,-0.05563654,-0.3846518,-0.0211226,1.192954,1.298871,0.1816307,-0.232015,-0.09833908,1.147442,0.3415639,-0.05507977,0.276864,0.5466711,0.4146758,0.0681027,-0.1889588,-0.07298255,0.4856732,0.5319341,0.6669992,1.771327,1.731915,0.9212263,0.2839292,-0.03823786,0.6940984,1.763411,2.671424,1.678041,0.3789671,-0.1486216,1.168697,2.4692,2.46293,2.302004,1.221491,0.2666576,1.262826,1.604813,2.112166,1.748874,0.57586,-0.2056517
1.391063,1.402215,1.490896,1.897035,1.583327,1.401666,1.282269,1.166622,0.7486444,1.47057,2.183508,2.058425,1.837314,1.483177,1.421169,1.435723,1.212456,2.872323,2.16211,1.929544,1.677728,1.570009,1.658849,1.627089,2.608881,2.134426,2.084092,1.70148,1.77789,1.984651,2.734126,2.385465,2.087378,1.819808,1.888009,1.869214,2.780081,1.953425,1.830817,2.210614,2.546651,1.843162,1.748632,0.7786621,0.7078867,2.279997,1.697824,2.063998,2.339109,2.516858,1.632105,1.618658,0.7569596,1.182221,1.770283,3.066454,3.371715,3.297021,1.606141,1.015052,1.632302,3.466942,2.644769,2.894524,2.02609,1.383765,2.819315,2.702422,2.470854,2.174728,1.71387,2.710397,1.649662,1.594241,1.215237,1.19156,0.7753447,0.6290429,0.6231583,1.796681,2.349413,1.427394,1.316954,1.219574,1.092242,0.7558113,0.668576,2.304662,1.680865,1.636195,1.446804,1.397722,0.9588529,0.8719993,2.336729,2.26611,2.125182,1.756939,1.312837,2.719145,2.419559,1.681315,1.579352,1.167389,3.579567,2.645629,1.615137,1.514693,1.230644,1.07011,0.8590288,0.7329974,0.7168591,0.8619273,3.167781,1.888249,1.74856,1.536746,1.505425,1.175395,0.86048,0.7399678,0.6954881,2.16925,1.886438,1.921394,2.110828,1.674065,1.157774,0.9378747,0.768712,2.299276,2.066633,2.207412,1.952629,1.358188,1.138693,0.9509643,1.983838,1.693757,1.30471,1.145176,0.9547883,1.537373,1.214462,1.255924,1.061012,0.9486544,0.8760391,0.7569718,0.7379168,0.9434834,1.17195,1.690252,1.569954,1.110092,1.055803,0.9031267,0.8139799,0.9987326,1.071234,0.9698747,1.478284,1.163869,1.125625,1.121295,2.197075,1.399815,1.111136,1.348165,1.686417,1.473256,1.655736,1.24529,1.318163,1.7318,1.717366,0.7530793
0.5597962,0.3957516,0.8821356,1.373879,1.082439,-0.06476974,-0.3597573,-0.3867798,-0.1970459,0.503888,1.422186,1.34231,2.047563,0.2027724,-0.2206124,-0.2495903,-0.2579181,1.101152,1.407473,2.148325,0.7589721,0.1630274,-0.2089149,-0.2131389,1.839798,2.665801,1.733678,0.909861,0.2694596,-0.0729243,1.540801,2.074545,2.074053,2.3732,1.791067,0.4769004,1.836908,2.010463,2.2556,0.8294536,0.03386506,-0.170819,-0.2641785,-0.2787454,-0.1030847,1.043369,1.014535,0.6580342,0.2121602,-0.2503668,-0.1816239,-0.2733554,-0.16292,0.5292325,0.2124323,-0.08184028,-0.2646424,-0.4695973,-0.2380605,-0.09638188,0.1298421,-0.188599,-0.4772087,-0.6730132,-0.1815607,-0.1877231,0.5538759,-0.197469,-0.4416638,-0.3615252,-0.2088124,0.0454084,-0.1530059,0.05311419,0.1946448,-0.01711571,-0.1207513,-0.1301932,-0.014995,0.3250412,0.1835472,0.3009615,0.2972358,0.0946916,-0.280774,-0.1053481,-0.1853826,0.5497469,0.6252587,0.5737867,0.2287659,-0.09901622,-0.2249268,-0.3393307,0.9850891,0.9593026,0.5701127,-0.01280435,-0.3311424,1.201565,1.018846,0.4658946,0.004408396,-0.2208889,1.18102,0.9193121,0.6978774,0.3435509,0.04933358,-0.2572978,-0.3079466,-0.1715093,0.0427762,0.03576514,0.7200935,0.7497593,0.5953476,0.4558625,0.1278363,-0.09021877,0.0007817933,0.07326604,0.1111014,0.5028874,0.6531715,0.819057,0.5070025,0.2355439,0.2228811,0.2129576,0.1603965,0.543102,0.8720704,0.9586314,0.4653181,0.2393219,0.2143539,0.204776,0.8893819,0.8634673,0.3751691,0.09866761,0.03161708,0.7249092,0.4436782,0.216074,-0.1231184,-0.2086176,-0.1024535,-0.02030608,-0.03594792,-0.1896294,0.4549275,0.3496526,0.01300126,-0.03676593,-0.1570233,-0.2865635,-0.1176654,-0.1866492,0.89836,0.9701366,-0.0341038,-0.1141872,-0.03986617,-0.1934497,0.1641458,-0.04917467,0.4537958,0.1197927,0.2611284,0.3668518,-0.02369216,0.1301295,0.4951093,0.599999,0.9320719,-0.08645113
1.07939,0.7847687,0.3224987,0.1329651,-0.1704834,-0.2751756,-0.1003239,-0.0421565,-0.1843193,1.1057,0.8862999,0.3961419,-0.09524788,-0.2964408,-0.274313,-0.2710521,-0.3214178,1.487622,0.8479357,0.3780347,-0.02891232,-0.2245118,-0.1096941,-0.283966,1.901712,0.8862972,0.4069012,0.03474255,-0.06239216,0.02264059,1.814619,1.535431,1.04586,0.6838662,0.3023492,0.2179522,1.600226,1.150918,0.6819916,0.4972528,0.507526,0.08465351,-0.3354658,-0.229356,-0.4333491,1.559154,1.129883,0.5199699,0.4655705,0.4605505,0.2290582,0.6295816,-0.5128437,1.410424,0.8028583,0.2551287,0.2005754,1.337902,0.5359464,-0.1976203,1.111953,0.9255747,0.4673074,0.6496749,0.3355184,-0.06893844,1.193097,1.315246,0.6083312,-0.06394307,-0.2663024,1.275073,0.7589835,-0.1125495,-0.3828492,-0.582278,-0.753589,-0.9947841,-0.5273945,1.339168,1.145456,0.6493878,0.4704243,-0.1810125,-0.6008375,-1.009372,-0.8805277,1.995862,1.226445,0.9739161,0.4142463,-0.1460786,-0.5302849,-0.4015332,2.352431,2.031508,1.233381,0.5659521,0.1350006,3.433082,2.120436,1.103433,0.6124427,0.2673613,3.098369,2.676391,1.751393,1.196792,0.7400402,0.03237318,-0.5063879,-0.5537672,-0.6659732,-0.4872153,2.587246,2.383278,1.718988,1.543914,0.7038064,0.03262071,-0.2442818,-0.1635161,-0.3859801,2.251784,3.047504,2.165406,1.323928,0.5306455,0.4562857,0.4996885,0.2299937,2.667367,2.826522,2.128498,1.386059,0.1294835,1.324244,0.9672424,1.586434,1.481067,1.887147,1.383579,0.8673322,2.053551,2.077517,1.818337,1.61488,1.090726,0.8788648,0.4476953,-0.003490738,0.009840062,2.003057,1.887036,1.365593,1.273593,1.15331,1.078079,0.3153878,-0.1389638,1.916875,1.302666,0.9672962,0.7118349,0.250102,-0.1392,1.753588,1.231426,0.7645451,0.5296562,0.2906848,-0.07759444,1.589051,0.7495071,0.5610471,0.2888378,-0.01446221,-0.0255399
1.79389,2.022387,1.051606,0.7782857,-0.8051763,-1.473665,-1.633646,-1.781971,-1.705778,1.87856,1.502178,1.517859,-0.9780778,-1.583011,-1.671848,-1.947575,-1.857254,0.865158,0.4198663,-0.6308887,-1.323222,-1.509305,-1.472842,-1.703965,0.120358,-0.4317465,-1.090756,-0.9630876,-1.221439,-1.105428,0.3814348,0.06151376,0.07953051,1.434486,0.09420932,-0.4525809,1.022571,0.9746512,1.434749,0.8213621,-0.01618014,-0.9028087,-1.394191,-1.796026,-1.759003,1.224316,1.794904,1.114193,0.5377791,0.2889293,-1.178225,-1.514214,-1.709325,1.355575,0.825937,0.5087761,0.2671745,-0.494574,-1.137213,-1.559516,0.9882755,0.3609086,-0.384503,-0.5288906,-0.8113949,-1.379779,0.4515714,0.2401623,-0.4989912,-1.002677,-1.042089,-0.4900615,-0.9895962,-0.8917388,-1.38202,-1.619588,-1.815517,-1.854307,-1.6378,-0.6818666,-0.9431944,-1.086197,-1.301197,-1.414287,-1.741495,-1.590756,-1.801839,-0.8832712,-1.093545,-1.272533,-1.294676,-1.50934,-1.560638,-1.478106,-0.7559361,-0.9156652,-1.22681,-1.343865,-1.682853,-0.8467081,-1.013654,-1.274421,-1.375094,-1.548962,-0.7020654,-0.9986178,-1.123359,-1.211307,-1.358022,-1.498935,-1.687764,-1.819647,-1.691394,-1.804141,-0.6821558,-0.8974547,-0.944067,-1.00891,-1.357449,-1.472247,-1.691287,-1.736357,-1.659759,-0.7161123,-0.8961072,-0.7998786,-1.069704,-1.418928,-1.488137,-1.488534,-1.393503,-0.7488222,-0.7627077,-0.9151813,-1.055204,-1.240846,-1.269094,-1.024217,-0.7272794,-0.7506728,-0.8700724,-1.113715,-0.9939616,-0.5362469,0.0661682,-0.8672574,-0.5485047,-0.4976277,-0.7739726,-1.22395,-1.52986,-1.649432,-0.1340291,-0.8849567,0.3741914,0.1043335,0.2914058,-0.492422,-1.076016,-1.690929,1.308059,-0.1565419,1.078492,0.7383007,-0.3910053,-1.411059,0.9484455,1.06615,1.197747,1.354936,0.1193902,-0.8117905,1.245689,1.714083,1.914832,1.243839,-0.06595518,-1.855311
0.5611432,0.4782957,-0.08055115,-0.808744,-1.060431,-1.115862,-1.159225,-1.147088,-0.999731,0.8232486,0.3604848,-0.4741673,-0.8054977,-1.067921,-1.104301,-1.088617,-0.944215,1.198076,-0.05982192,-0.5262805,-0.9089154,-1.07764,-0.943463,-0.8308986,0.2608528,-0.2438879,-0.669756,-0.7737725,-0.7457359,-0.3424663,1.088889,0.1407959,-0.1205975,-0.2774512,-0.3869673,0.0899035,0.4998449,0.7604997,1.16236,0.5777071,0.5719768,-0.1480738,-0.5802361,-0.9685954,-1.051446,0.9152938,1.215102,1.785372,2.045343,1.308203,0.2239264,-0.644699,-1.020825,1.247511,1.622063,2.247313,2.128515,1.087376,-0.05541616,-0.7993482,1.293111,1.864726,2.689998,1.954544,0.5661887,-0.3549327,1.506308,2.801081,1.761315,0.6884984,-0.1601973,1.575396,0.4925089,-0.3217697,-0.6046345,-0.8553176,-0.9829983,-1.059978,-0.9207267,-0.1104671,-0.001926976,-0.4629409,-0.7848228,-0.9226077,-1.063933,-0.9813943,-1.018111,0.006929196,-0.4576271,-0.5438074,-0.8501596,-0.8995188,-1.020116,-0.9967235,0.3735897,-0.02106929,-0.6388441,-0.7780932,-0.9297267,-0.3347136,-0.4841789,-0.6204029,-0.830506,-0.8407,-0.4323788,-0.5109391,-0.5898609,-0.7495484,-0.7927093,-0.9137056,-0.9479204,-1.117221,-1.093136,-1.005712,-0.5274129,-0.513681,-0.5315256,-0.5577096,-0.6513574,-0.9098637,-1.084988,-1.143966,-1.129217,-0.4828743,-0.2920181,0.002246579,-0.3403701,-0.6686061,-0.884456,-1.005993,-1.090825,0.4266464,0.906144,0.2294473,-0.2375698,-0.7687602,-0.9525931,-0.9400281,0.9175894,0.06184712,-0.5049459,-0.79222,-0.7060486,0.5187401,-0.1150919,-0.3411023,-0.5839258,-0.7515479,-0.8581417,-1.046434,-1.124205,-1.051808,0.4279495,-0.1204064,0.02940974,-0.5181088,-0.8568587,-1.00612,-1.170426,-1.175809,1.102275,0.09818729,-0.5700381,-0.8450031,-1.128196,-1.183195,0.1886887,-0.03091268,-0.2459809,-0.624266,-0.8192023,-1.077931,0.1496552,0.1728886,0.01939866,-0.4938735,-0.9131958,-1.016035
